"Tail Number",Model,Manufacturer,"Air Time (AVG)"
N104UW,A320-214,"AIRBUS INDUSTRIE",0.0000
N281AT,A340-313,"AIRBUS INDUSTRIE",0.0000
N513MJ,CL-600-2C10,"BOMBARDIER INC",0.0000
N926LR,CL-600-2D24,"BOMBARDIER INC",0.0000
N914FJ,CL-600-2D24,"BOMBARDIER INC",0.0000
N16112,EMB-145XR,EMBRAER,117.0000
N279WN,737-7H4,BOEING,475.5000
N435US,737-4B7,BOEING,636.0000
N528UA,757-222,BOEING,661.8000
N552WN,737-7BX,BOEING,710.0000
N8307K,737-8H4,BOEING,713.0000
N8326F,737-8H4,BOEING,718.0000
N8302F,737-8H4,BOEING,725.0000
N8306H,737-8H4,BOEING,728.0000
N8313F,737-8H4,BOEING,728.0000
N8608N,737-8H4,BOEING,728.0000
N8303R,737-8H4,BOEING,730.0000
N8324A,737-8H4,BOEING,732.0000
N416UA,A320-232,"AIRBUS INDUSTRIE",734.0000
N691CA,CL-600-2D24,"BOMBARDIER INC",736.0000
N8616C,737-8H4,BOEING,737.0000
N8325D,737-8H4,BOEING,738.5000
N8308K,737-8H4,BOEING,739.0000
N8606C,737-8H4,BOEING,739.0000
N8305E,737-8H4,BOEING,741.5000
N8604K,737-8H4,BOEING,744.0000
N8602F,737-8H4,BOEING,744.0000
N8609A,737-8H4,BOEING,744.0000
N8327A,737-8H4,BOEING,746.0000
N197JB,"ERJ 190-100 IGW",EMBRAER,746.0000
N8321D,737-8H4,BOEING,752.5000
N195PQ,CL-600-2D24,"BOMBARDIER INC",376.5000
N8311Q,737-8H4,BOEING,760.3333
N607LR,CL-600-2D24,"BOMBARDIER INC",762.8000
N557UW,A321-231,AIRBUS,797.5000
N8329B,737-8H4,BOEING,801.0000
N551AA,"FALCON XP","LEBLANC GLENN T",802.0000
N739GB,737-7H4,BOEING,806.0000
N670UA,767-322,BOEING,806.2000
N563UW,A321-231,AIRBUS,807.0000
N13965,EMB-145LR,EMBRAER,808.0000
N768SW,737-7H4,BOEING,809.0000
N184AT,737-76N,BOEING,811.0000
N8610A,737-8H4,BOEING,811.0000
N330AT,737-7BD,BOEING,812.5000
N940WN,737-7H4,BOEING,817.5000
N726SW,737-7H4,BOEING,820.0000
N8315C,737-8H4,BOEING,821.0000
N943WN,737-7H4,BOEING,827.0000
N618AA,757-223,BOEING,827.0000
N613AA,757-223,BOEING,831.0000
N583AA,DC-9-82(MD-82),"MCDONNELL DOUGLAS",832.0000
N295AT,737-76N,BOEING,833.0000
N939WN,737-7H4,BOEING,837.0000
N176AT,737-76N,BOEING,840.0000
N786SW,737-7H4,BOEING,841.0000
N654SW,737-3H4,BOEING,843.0000
N415WN,737-7H4,BOEING,845.3333
N284AT,737-76N,BOEING,847.0000
N276WN,737-7H4,BOEING,847.0000
N7726A,737-7BD,BOEING,851.0000
N274WN,737-7H4,BOEING,852.0000
N76265,737-824,BOEING,857.0000
N826AY,CL-600-2B19,"BOMBARDIER INC",858.0000
N606SW,737-3H4,BOEING,859.0000
N543UA,757-222,BOEING,859.0000
N326AT,737-7BD,BOEING,868.5000
N469WN,737-7H4,BOEING,874.0000
N625AA,757-223,BOEING,882.5000
N635AA,757-223,BOEING,893.0000
N776WN,737-7H4,BOEING,901.0000
N643SW,737-3H4,BOEING,902.0000
N945WN,737-7H4,BOEING,903.0000
N38403,737-924,BOEING,903.0000
N8475B,CL-600-2B19,"BOMBARDIER INC",904.0000
N476WN,737-7H4,BOEING,907.0000
N730SW,737-7H4,BOEING,907.0000
N3759,737-832,BOEING,907.8182
N642WN,737-3H4,BOEING,908.0000
N266JB,"ERJ 190-100 IGW",EMBRAER,909.2500
N407WN,737-7H4,BOEING,910.0000
N731SA,737-7H4,BOEING,912.0000
N651SW,737-3H4,BOEING,920.0000
N72405,737-924,BOEING,923.3333
N8412F,CL-600-2B19,"BOMBARDIER INC",924.0000
N180US,A321-211,"AIRBUS INDUSTRIE",926.7143
N8673D,CL-600-2B19,"BOMBARDIER INC",928.0000
N716SW,737-7H4,BOEING,928.6667
N69804,737-924ER,BOEING,929.0000
N701UW,A319-112,"AIRBUS INDUSTRIE",929.0000
N552AS,737-890,BOEING,930.0000
N278AT,737-76N,BOEING,932.2500
N448UA,A320-232,"AIRBUS INDUSTRIE",934.5000
N8930E,CL-600-2B19,"BOMBARDIER INC",935.0000
N11155,EMB-145XR,EMBRAER,935.0000
N677UA,767-322,BOEING,937.5000
N172US,A321-211,"AIRBUS INDUSTRIE",938.8000
N524AS,737-890,BOEING,939.0000
N8797A,CL-600-2B19,"BOMBARDIER INC",940.0000
N676CA,CL-600-2D24,"BOMBARDIER INC",943.0000
N1200K,767-332,BOEING,944.8000
N520AS,737-890,BOEING,946.0000
N298WN,737-7H4,BOEING,946.5000
N538AS,737-890,BOEING,947.0000
N563AS,737-890,BOEING,949.0000
N592AS,737-890,BOEING,949.0000
N656UA,767-322,BOEING,953.0000
N8886A,CL-600-2B19,"BOMBARDIER INC",964.5000
N8921B,CL-600-2B19,"BOMBARDIER INC",968.5000
N668UA,767-322,BOEING,977.0000
N675UA,767-322,BOEING,981.0000
N181PQ,CL-600-2D24,"BOMBARDIER INC",739.2500
N935WN,737-7H4,BOEING,986.5000
N669UA,767-322,BOEING,988.5000
N732US,A319-112,"AIRBUS INDUSTRIE",990.3333
N166PQ,CL-600-2D24,"BOMBARDIER INC",992.5000
N197PQ,CL-600-2D24,"BOMBARDIER INC",994.2500
N544UA,757-222,BOEING,995.5000
N236WN,737-7H4,BOEING,998.5000
N8328A,737-8H4,BOEING,1000.0000
N899AT,717-200,BOEING,1004.0000
N452WN,737-7H4,BOEING,1005.0000
N559UA,757-222,BOEING,1006.6667
N363NB,A319-114,AIRBUS,1007.0000
N8733G,CL-600-2B19,"BOMBARDIER INC",1007.0000
N512AS,737-890,BOEING,1008.0000
N667UA,767-322,BOEING,1008.0000
N649DL,757-232,BOEING,1009.0000
N665UA,767-322,BOEING,1010.5000
N173US,A321-211,"AIRBUS INDUSTRIE",1010.8333
N554NW,757-251,BOEING,1011.0000
N663UA,767-322,BOEING,1013.0000
N520UA,757-222,BOEING,1013.7778
N77867,757-33N,BOEING,1015.5000
N533AS,737-890,BOEING,1016.0000
N485WN,737-7H4,BOEING,1018.0000
N809NW,A330-323,AIRBUS,1021.0000
N6711M,757-232,BOEING,1024.0000
N671UA,767-322,BOEING,1024.0000
N6704Z,757-232,BOEING,1024.5000
N654DL,757-232,BOEING,1025.6667
N650DL,757-232,BOEING,1025.6667
N75858,757-324,BOEING,1026.0000
N136EV,CL-600-2D24,"BOMBARDIER INC",1026.7143
N615DL,757-232,BOEING,1028.0000
N664UA,767-322,BOEING,1028.0000
N8458A,CL-600-2B19,"BOMBARDIER INC",1028.0000
N6706Q,757-232,BOEING,1029.0000
N67171,757-232,BOEING,1032.0000
N694DL,757-232,BOEING,1033.0000
N613DL,757-232,BOEING,1033.0000
N285WN,737-7H4,BOEING,1033.5000
N57863,757-33N,BOEING,1035.0000
N6714Q,757-232,BOEING,1036.0000
N671DN,757-232,BOEING,1036.0000
N644DL,757-232,BOEING,1037.0000
N670DN,757-232,BOEING,1037.0000
N3751B,737-832,BOEING,1037.4000
N394AA,A-1B,"AVIAT AIRCRAFT INC",1038.6667
N8942A,CL-600-2B19,"BOMBARDIER INC",1039.0000
N6702,757-232,BOEING,1039.5000
N57870,757-33N,BOEING,1040.0000
N705UW,A319-112,"AIRBUS INDUSTRIE",1040.0000
N189DN,767-332,BOEING,1040.3000
N514UA,757-222,BOEING,1041.6667
N161UW,A321-211,"AIRBUS INDUSTRIE",1041.8000
N57852,757-324,BOEING,1042.5000
N74856,757-324,BOEING,1042.5000
N839VA,A320-214,AIRBUS,1043.9167
N1201P,767-332,BOEING,1045.0000
N6705Y,757-232,BOEING,1045.5000
N301DQ,737-732,BOEING,1046.0000
N473AA,DC-9-82(MD-82),"MCDONNELL DOUGLAS",1047.0000
N748SW,737-7H4,BOEING,1048.0000
N698DL,757-232,BOEING,1048.0000
N738US,A319-112,"AIRBUS INDUSTRIE",1048.0000
N585UA,757-222,BOEING,1049.7143
N614DL,757-232,BOEING,1050.0000
N6713Y,757-232,BOEING,1051.0000
N252WN,737-7H4,BOEING,1052.0000
N304DQ,737-732,BOEING,1055.6000
N737US,A319-112,"AIRBUS INDUSTRIE",1056.0000
N347NW,A320-212,"AIRBUS INDUSTRIE",1056.0000
N11107,EMB-145XR,EMBRAER,1056.7500
N743SW,737-7H4,BOEING,1057.0000
N673UA,767-322,BOEING,1057.0000
N24715,737-724,BOEING,1059.0000
N556UW,A321-231,AIRBUS,1059.4000
N522UA,757-222,BOEING,1059.5000
N310DE,737-732,BOEING,1060.0000
N561UW,A321-231,AIRBUS,1065.5000
N6703D,757-232,BOEING,1066.3750
N75853,757-324,BOEING,1068.4000
N712US,A319-112,"AIRBUS INDUSTRIE",1068.7143
N742SW,737-7H4,BOEING,1070.0000
N8543F,CL-600-2B19,"BOMBARDIER INC",1070.5000
N369AA,767-323,BOEING,1071.0000
N308DE,737-732,BOEING,1073.2500
N303DQ,737-732,BOEING,1076.0000
N57855,757-324,BOEING,1079.0000
N305DQ,737-732,BOEING,1079.5000
N293WN,737-7H4,BOEING,1079.5000
N534UW,A321-231,AIRBUS,1079.5000
N131EV,CL-600-2D24,"BOMBARDIER INC",1082.9091
N955AT,717-200,BOEING,1083.7500
N280WN,737-7H4,BOEING,1085.0000
N6712B,757-232,BOEING,1086.0000
N398AA,60,"LEARJET INC",1086.5000
N14174,EMB-145XR,EMBRAER,1088.1000
N186PQ,CL-600-2D24,"BOMBARDIER INC",1090.0000
N177US,A321-211,"AIRBUS INDUSTRIE",1090.6250
N652DL,757-232,BOEING,1090.6667
N147PQ,CL-600-2D24,"BOMBARDIER INC",1092.0000
N179UW,A321-211,"AIRBUS INDUSTRIE",1098.0909
N309DE,737-732,BOEING,1101.0000
N379AA,767-323,BOEING,1102.0000
N360AA,767-323,BOEING,1102.0000
N12167,EMB-145XR,EMBRAER,992.9000
N458WN,737-7H4,BOEING,1105.0000
N265WN,737-7H4,BOEING,1105.0000
N955UW,"ERJ 190-100 IGW",EMBRAER,1108.8000
N537UW,A321-231,AIRBUS,1109.0000
N539UW,A321-231,AIRBUS,1109.5000
N353AA,767-323,BOEING,1111.0000
N714CB,737-7H4,BOEING,1113.0000
N790SW,737-7H4,BOEING,1115.3333
N7724A,737-7BD,BOEING,1117.0000
N436WN,737-7H4,BOEING,1118.0000
N501AA,DC-9-82(MD-82),"MCDONNELL DOUGLAS",1121.1667
N151UW,A321-211,AIRBUS,1124.0000
N307DQ,737-732,BOEING,1124.1429
N235WN,737-7H4,BOEING,1125.0000
N541UA,757-222,BOEING,1125.0000
N963DL,MD-88,"MCDONNELL DOUGLAS AIRCRAFT CO",1127.0000
N936AT,717-200,BOEING,1128.5000
N259WN,737-7H4,BOEING,1128.5000
N480AA,DC-9-82(MD-82),"MCDONNELL DOUGLAS",1128.5000
N715UW,A319-112,"AIRBUS INDUSTRIE",1129.0000
N662JB,A320-232,AIRBUS,1129.8182
N929AT,717-200,BOEING,1130.0000
N413WN,737-7H4,BOEING,1131.5000
N492WN,737-7H4,BOEING,1132.0000
N630AA,757-223,BOEING,1132.0000
N75428,737-924ER,BOEING,1132.4444
N996AT,717-200,BOEING,1133.0000
N77865,757-33N,BOEING,1133.0000
N470WN,737-7H4,BOEING,1133.5000
N8501F,CL-600-2B19,"BOMBARDIER INC",1134.0000
N735SA,737-7H4,BOEING,1135.0000
N844VA,A320-214,AIRBUS,1135.0000
N553AA,DC-9-82(MD-82),"MCDONNELL DOUGLAS",1135.0000
N6700,757-232,BOEING,1136.2500
N182UW,A321-211,"AIRBUS INDUSTRIE",1137.0000
N251WN,737-7H4,BOEING,1137.4000
N903WN,737-7H4,BOEING,1137.5000
N165US,A321-211,"AIRBUS INDUSTRIE",1137.5000
N566UW,A321-231,AIRBUS,1138.2000
N184US,A321-211,"AIRBUS INDUSTRIE",1138.6250
N334JB,"ERJ 190-100 IGW",EMBRAER,1139.0500
N582CA,CL-600-2D24,"BOMBARDIER INC",1139.4000
N541UW,A321-231,AIRBUS,1139.6667
N8869B,CL-600-2B19,"BOMBARDIER INC",1140.5000
N12175,EMB-145XR,EMBRAER,1141.5385
N558UA,757-222,BOEING,1144.2000
N3771K,737-832,BOEING,1144.7500
N8588D,CL-600-2B19,"BOMBARDIER INC",1145.0000
N29717,737-724,BOEING,1145.8667
N944UW,"ERJ 190-100 IGW",EMBRAER,1146.3333
N36444,737-924ER,BOEING,1147.0833
N590AA,DC-9-83(MD-83),"MCDONNELL DOUGLAS",1147.3333
N543UW,A321-231,AIRBUS,1148.7143
N421LV,737-7H4,BOEING,1149.1429
N8903A,CL-600-2B19,"BOMBARDIER INC",1150.0000
N568UW,A321-231,AIRBUS,1156.0000
N465WN,737-7H4,BOEING,1157.0000
N37462,737-924ER,BOEING,1158.0000
N277WN,737-7H4,BOEING,1159.0000
N555UA,757-222,BOEING,1159.5556
N468WN,737-7H4,BOEING,1161.4000
N163US,A321-211,"AIRBUS INDUSTRIE",1161.6667
N488AA,DC-9-82(MD-82),"MCDONNELL DOUGLAS",1161.7500
N34111,EMB-145XR,EMBRAER,1161.8889
N18220,737-824,BOEING,1163.3333
N33182,EMB-145XR,EMBRAER,1163.6667
N547UW,A321-231,AIRBUS,1166.1429
N900PC,757-26D,BOEING,1166.6000
N71411,737-924,BOEING,1167.0000
N133EV,CL-600-2D24,"BOMBARDIER INC",1168.1667
N197UW,A321-211,AIRBUS,1169.5000
N631AA,757-223,BOEING,1174.7778
N763SW,737-7H4,BOEING,1175.6667
N509AY,A321-231,AIRBUS,1175.8000
N438WN,737-7H4,BOEING,1176.5000
N16701,737-724,BOEING,1176.5714
N666UA,767-322,BOEING,1177.0000
N481AA,DC-9-82(MD-82),"MCDONNELL DOUGLAS",1178.0000
N620SW,737-3H4,BOEING,1179.0000
N542UW,A321-231,AIRBUS,1180.4000
N401UA,A320-232,"AIRBUS INDUSTRIE",1181.4286
N319US,A320-211,"AIRBUS INDUSTRIE",1181.5000
N439WN,737-7H4,BOEING,1184.0000
N6707A,757-232,BOEING,1184.5000
N750UW,A319-112,"AIRBUS INDUSTRIE",1185.0000
N306DQ,737-732,BOEING,1186.0000
N787SA,737-7H4,BOEING,1186.0000
N6708D,757-232,BOEING,1186.7143
N655DL,757-232,BOEING,1186.7500
N568AA,DC-9-83(MD-83),"MCDONNELL DOUGLAS",1187.6667
N734SA,737-7H4,BOEING,1188.0000
N697DL,757-232,BOEING,1190.3333
N184JB,"ERJ 190-100 IGW",EMBRAER,1190.9259
N550UW,A321-231,AIRBUS,1191.6000
N8736A,CL-600-2B19,"BOMBARDIER INC",1191.6667
N678CA,CL-600-2D24,"BOMBARDIER INC",1192.5000
N132EV,CL-600-2D24,"BOMBARDIER INC",1192.6667
N489AA,DC-9-82(MD-82),"MCDONNELL DOUGLAS",1193.5714
N152UW,A321-211,AIRBUS,1193.7143
N792SW,737-7H4,BOEING,1196.0000
N830UA,A319-131,"AIRBUS INDUSTRIE",1196.5000
N424AA,DC-9-82(MD-82),"MCDONNELL DOUGLAS",1196.5000
N566UA,757-222,BOEING,1196.5385
N640AW,A320-232,"AIRBUS INDUSTRIE",1197.8333
N196DN,767-332,BOEING,1200.3000
N825AS,CL-600-2B19,CANADAIR,1200.9231
N965DL,MD-88,"MCDONNELL DOUGLAS AIRCRAFT CO",1204.0000
N757LV,737-7H4,BOEING,1205.0000
N8790A,CL-600-2B19,"BOMBARDIER INC",1205.2000
N534UA,757-222,BOEING,1205.5000
N767SW,737-7H4,BOEING,1208.0000
N295WN,737-7H4,BOEING,1208.4000
N920DL,MD-88,"MCDONNELL DOUGLAS AIRCRAFT CO",1208.8889
N717UW,A319-112,"AIRBUS INDUSTRIE",1209.7500
N555AY,A321-231,AIRBUS,1210.0000
N193UW,A321-211,AIRBUS,1211.2000
N733SA,737-7H4,BOEING,1211.5000
N365AA,A109E,"AGUSTA SPA",1212.6667
N461WN,737-7H4,BOEING,1214.5000
N936WN,737-7H4,BOEING,1215.0000
N794SW,737-7H4,BOEING,1217.0000
N820UA,A319-131,"AIRBUS INDUSTRIE",1217.2500
N704X,757-2Q8,BOEING,1217.9444
N3756,737-832,BOEING,1218.7000
N419AS,737-990ER,BOEING,1219.6000
N405WN,737-7H4,BOEING,1219.6667
N956WN,737-7H4,BOEING,1219.7500
N729SW,737-7H4,BOEING,1219.7500
N284WN,737-7H4,BOEING,1222.5000
N8710A,CL-600-2B19,"BOMBARDIER INC",1222.5000
N749SW,737-7H4,BOEING,1223.0000
N941WN,737-7H4,BOEING,1225.0000
N499WN,737-7H4,BOEING,1225.0000
N492AA,DC-9-82(MD-82),"MCDONNELL DOUGLAS",1225.3333
N8938A,CL-600-2B19,"BOMBARDIER INC",1225.5000
N404WN,737-7H4,BOEING,1226.0000
N157UW,A321-211,AIRBUS,1226.2857
N6710E,757-232,BOEING,1226.4286
N35271,737-824,BOEING,1226.5714
N271LV,737-705,BOEING,1227.0000
N783SW,737-7H4,BOEING,1228.0000
N351AA,767-323,BOEING,1228.2000
N544AA,"VANS AIRCRAFT RV6","FRIEDEMANN JON",1228.3750
N623AA,757-223,BOEING,1228.4000
N37474,737-924ER,BOEING,1228.6667
N659DL,757-232,BOEING,1229.0000
N475AA,DC-9-82(MD-82),"MCDONNELL DOUGLAS",1229.8000
N292WN,737-7H4,BOEING,1231.0000
N610DL,757-232,BOEING,1231.6667
N278WN,737-7H4,BOEING,1232.0000
N524UW,A321-231,AIRBUS,1232.0000
N455AA,DC-9-82(MD-82),"MCDONNELL DOUGLAS",1232.2857
N272WN,737-7H4,BOEING,1232.8000
N607SW,737-3H4,BOEING,1233.0000
N646DL,757-232,BOEING,1234.0000
N192UW,A321-211,"AIRBUS INDUSTRIE",1234.5000
N216WR,737-7H4,BOEING,1235.0000
N664DN,757-232,BOEING,1235.0000
N810AW,A319-132,"AIRBUS INDUSTRIE",1235.0000
N468AA,DC-9-82(MD-82),"MCDONNELL DOUGLAS",1235.2000
N167US,A321-211,"AIRBUS INDUSTRIE",1235.6667
N479WN,737-7H4,BOEING,1235.8000
N18102,EMB-145XR,EMBRAER,1237.4286
N188US,A321-211,AIRBUS,1238.3333
N459WN,737-7H4,BOEING,1239.5000
N834UA,A319-131,"AIRBUS INDUSTRIE",1239.5625
N764SW,737-7H4,BOEING,1242.2857
N17169,EMB-145XR,EMBRAER,1243.0909
N185UW,A321-211,"AIRBUS INDUSTRIE",1243.2727
N569UA,757-222,BOEING,1243.7778
N146PQ,CL-600-2D24,"BOMBARDIER INC",1243.8000
N441WN,737-7H4,BOEING,1244.0000
N836AS,CL-600-2B19,"BOMBARDIER INC",1244.1667
N464WN,737-7H4,BOEING,1245.0000
N779SW,737-7H4,BOEING,1245.6667
N372NW,A320-212,"AIRBUS INDUSTRIE",1246.6667
N11106,EMB-145XR,EMBRAER,1247.4286
N37420,737-924ER,BOEING,1248.7273
N510JB,A320-232,"AIRBUS INDUSTRIE",1249.4815
N8980A,CL-600-2B19,"BOMBARDIER INC",1249.6000
N517JB,A320-232,"AIRBUS INDUSTRIE",1249.6667
N273JB,"ERJ 190-100 IGW",EMBRAER,1250.6667
N660AW,A320-232,"AIRBUS INDUSTRIE",1251.0000
N552UA,757-222,BOEING,1251.6667
N496AA,DC-9-82(MD-82),"MCDONNELL DOUGLAS",1251.7500
N851VA,A320-214,AIRBUS,1252.7500
N296WN,737-7H4,BOEING,1254.0000
N135EV,CL-600-2D24,"BOMBARDIER INC",1255.8333
N771SA,737-7H4,BOEING,1256.0000
N923DN,MD-90-30,BOEING,1256.0000
N905DL,MD-88,"MCDONNELL DOUGLAS AIRCRAFT CO",1257.0000
N550UA,757-222,BOEING,1258.0000
N965WN,737-7H4,BOEING,1259.0000
N406WN,737-7H4,BOEING,1259.5000
N838VA,A320-214,AIRBUS,1259.5000
N408AS,737-990ER,BOEING,1261.5000
N923WN,737-7H4,BOEING,1262.0000
N999DN,MD-88,"MCDONNELL DOUGLAS CORPORATION",1263.3333
N554UA,757-222,BOEING,1263.5833
N8933B,CL-600-2B19,"BOMBARDIER INC",1263.7500
N218WN,737-7H4,BOEING,1266.0000
N14198,EMB-145XR,EMBRAER,1267.0000
N8423C,CL-600-2B19,"BOMBARDIER INC",1267.5000
N34222,737-824,BOEING,1268.3750
N560UA,757-222,BOEING,1268.9545
N8972E,CL-600-2B19,"BOMBARDIER INC",1269.5000
N565UW,A321-231,AIRBUS,1270.5455
N956UW,"ERJ 190-100 IGW",EMBRAER,1272.6250
N24103,EMB-145XR,EMBRAER,1273.2857
N653JB,A320-232,AIRBUS,1273.4545
N390SW,737-3H4,BOEING,1273.5000
N231WN,737-7H4,BOEING,1273.5000
N627JB,A320-232,AIRBUS,1274.0000
N190UW,A321-211,"AIRBUS INDUSTRIE",1274.4286
N516UA,757-222,BOEING,1275.1000
N174US,A321-211,"AIRBUS INDUSTRIE",1275.5556
N11199,EMB-145XR,EMBRAER,1275.7857
N14179,EMB-145XR,EMBRAER,1277.4545
N8971A,CL-600-2B19,"BOMBARDIER INC",1277.6667
N265JB,"ERJ 190-100 IGW",EMBRAER,1278.2609
N719SW,737-7H4,BOEING,1278.6667
N580UA,757-222,BOEING,1279.5000
N925WN,737-7H4,BOEING,1066.6667
N330NW,A320-211,"AIRBUS INDUSTRIE",1280.6667
N535UA,757-222,BOEING,1280.9000
N38467,737-924ER,BOEING,1281.2000
N599AA,DC-9-83(MD-83),"MCDONNELL DOUGLAS",1281.2000
N27962,EMB-145,EMBRAER,1159.7143
N487AA,DC-9-82(MD-82),"MCDONNELL DOUGLAS",1282.5714
N663JB,A320-232,AIRBUS,1282.5789
N535UW,A321-231,AIRBUS,1282.6667
N189UW,A321-211,"AIRBUS INDUSTRIE",1284.4286
N13118,EMB-145XR,EMBRAER,1101.1429
N778SW,737-7H4,BOEING,1286.0000
N200WN,737-7H4,BOEING,1287.0000
N742PS,A319-112,"AIRBUS INDUSTRIE",1287.0000
N579JB,A320-232,AIRBUS,1287.1111
N766SW,737-7H4,BOEING,1288.0000
N644JB,A320-232,AIRBUS,1288.5500
N8694A,CL-600-2B19,"BOMBARDIER INC",1289.0000
N442WN,737-7H4,BOEING,1290.0000
N746UW,A319-112,"AIRBUS INDUSTRIE",1290.4000
N6709,757-232,BOEING,1290.7500
N621JB,A320-232,AIRBUS,1290.9333
N11192,EMB-145XR,EMBRAER,1291.3333
N25134,EMB-145XR,EMBRAER,1292.1667
N34110,EMB-145XR,EMBRAER,1293.3750
N577UA,757-222,BOEING,1294.0833
N613JB,A320-232,AIRBUS,1294.1429
N175DZ,767-332,BOEING,1294.3333
N357NW,A320-212,"AIRBUS INDUSTRIE",1295.2000
N170US,A321-211,"AIRBUS INDUSTRIE",1295.2000
N13123,EMB-145XR,EMBRAER,1295.4000
N713UW,A319-112,"AIRBUS INDUSTRIE",1296.0000
N343NW,A320-212,"AIRBUS INDUSTRIE",1296.3333
N411WN,737-7H4,BOEING,1297.0000
N716UW,A319-112,"AIRBUS INDUSTRIE",1297.0000
N848UA,A319-131,"AIRBUS INDUSTRIE",1297.1500
N676UA,767-322,BOEING,1297.2500
N341NW,A320-212,"AIRBUS INDUSTRIE",1297.4444
N438UA,A320-232,"AIRBUS INDUSTRIE",1297.5556
N38451,737-924ER,BOEING,1298.0000
N686DA,757-232,BOEING,1298.2500
N659AW,A320-232,"AIRBUS INDUSTRIE",1298.4000
N250WN,737-7H4,BOEING,1299.0000
N309US,A320-211,"AIRBUS INDUSTRIE",1299.5000
N758US,A319-112,"AIRBUS INDUSTRIE",1299.5556
N516JB,A320-232,"AIRBUS INDUSTRIE",1299.5833
N196UW,A321-211,AIRBUS,1299.8333
N232WN,737-7H4,BOEING,1300.0000
N31131,EMB-145XR,EMBRAER,1192.4167
N118US,A320-214,"AIRBUS INDUSTRIE",1301.0000
N828AS,CL-600-2B19,CANADAIR,1301.3200
N854VA,A320-214,AIRBUS,1302.8889
N562UA,757-222,BOEING,1303.2500
N722US,A319-112,"AIRBUS INDUSTRIE",1303.3333
N431UA,A320-232,"AIRBUS INDUSTRIE",1303.9000
N16911,EMB-145LR,EMBRAER,1255.6296
N639JB,A320-232,AIRBUS,1304.6667
N187US,A321-211,AIRBUS,1305.2500
N14974,EMB-145LR,EMBRAER,1305.3846
N773SA,737-7H4,BOEING,1306.0000
N432WN,737-7H4,BOEING,1306.2000
N779JB,A320-232,AIRBUS,1306.2692
N181UW,A321-211,"AIRBUS INDUSTRIE",1306.8571
N756SA,737-7H4,BOEING,1307.0000
N520UW,A321-231,AIRBUS,1307.0000
N925AT,717-200,BOEING,1307.4000
N12157,EMB-145XR,EMBRAER,1307.4615
N486UA,A320-232,"AIRBUS INDUSTRIE",1307.7500
N17159,EMB-145XR,EMBRAER,1308.0000
N509UA,757-222,BOEING,1308.4444
N562JB,A320-232,AIRBUS,1308.7500
N15710,737-724,BOEING,1309.3125
N491UA,A320-232,AIRBUS,1309.7500
N450WN,737-7H4,BOEING,1310.0000
N598JB,A320-232,AIRBUS,1310.0000
N811UA,A319-131,"AIRBUS INDUSTRIE",1310.1250
N828UA,A319-131,"AIRBUS INDUSTRIE",1310.7500
N14953,EMB-145LR,EMBRAER,1310.9524
N564UW,A321-231,AIRBUS,1311.8000
N430WN,737-7H4,BOEING,1312.0000
N27724,737-724,BOEING,1313.8750
N632SW,737-3H4,BOEING,1314.5000
N16571,EMB-145LR,EMBRAER,1314.9200
N805UA,A319-131,"AIRBUS INDUSTRIE",1315.0000
N16951,EMB-145LR,EMBRAER,1315.2500
N171US,A321-211,"AIRBUS INDUSTRIE",1315.8750
N254WN,737-7H4,BOEING,1316.0000
N751UW,A319-112,"AIRBUS INDUSTRIE",1316.5000
N466AA,DC-9-82(MD-82),"MCDONNELL DOUGLAS",1317.0000
N323JB,"ERJ 190-100 IGW",EMBRAER,1318.4348
N397SW,737-3H4,BOEING,1319.0000
N707SA,737-7H4,BOEING,1319.0000
N12163,EMB-145XR,EMBRAER,1319.0000
N851UA,A319-131,AIRBUS,1319.1429
N316NB,A319-114,"AIRBUS INDUSTRIE",1319.4286
N17139,757-224,BOEING,1319.6000
N766US,A319-112,"AIRBUS INDUSTRIE",1319.7333
N470AA,DC-9-82(MD-82),"MCDONNELL DOUGLAS",1320.0000
N153UW,A321-211,AIRBUS,1320.1667
N559UW,A321-231,AIRBUS,1321.1250
N556UA,757-222,BOEING,1321.8571
N245WN,737-7H4,BOEING,1322.0000
N712TW,757-2Q8,BOEING,1323.2222
N762US,A319-112,"AIRBUS INDUSTRIE",1323.5000
N13132,EMB-145XR,EMBRAER,1323.7778
N939AT,717-200,BOEING,1324.0000
N780SW,737-7H4,BOEING,1324.0000
N68801,737-924ER,BOEING,1324.0000
N643DL,757-232,BOEING,1324.0000
N8855A,CL-600-2B19,"BOMBARDIER INC",1324.0000
N53442,737-924ER,BOEING,1324.2500
N648DL,757-232,BOEING,1325.0000
N195UW,A321-211,AIRBUS,1325.1429
N32404,737-924,BOEING,1325.5000
N744P,A319-112,"AIRBUS INDUSTRIE",1325.7143
N6701,757-232,BOEING,1326.7500
N627DL,757-232,BOEING,1327.0000
N606LR,CL-600-2D24,"BOMBARDIER INC",1327.0000
N14117,EMB-145XR,EMBRAER,1327.5556
N565UA,757-222,BOEING,1327.6000
N948AT,717-200,BOEING,1328.0000
N534JB,A320-232,"AIRBUS INDUSTRIE",1328.2778
N943DL,MD-88,"MCDONNELL DOUGLAS AIRCRAFT CO",1328.3333
N959AT,717-200,BOEING,1328.5000
N460WN,737-7H4,BOEING,1328.7500
N985AT,717-200,BOEING,1329.0000
N327AA,767-223,BOEING,1330.3871
N306JB,"ERJ 190-100 IGW",EMBRAER,1330.6250
N987DL,MD-88,"MCDONNELL DOUGLAS AIRCRAFT CO",1330.7500
N6716C,757-232,BOEING,1331.0000
N538CA,CL-600-2D24,"BOMBARDIER INC",1331.6667
N938DL,MD-88,"MCDONNELL DOUGLAS AIRCRAFT CO",1332.0000
N770UW,A319-112,"AIRBUS INDUSTRIE",1332.2632
N11181,EMB-145XR,EMBRAER,1332.3750
N709UW,A319-112,"AIRBUS INDUSTRIE",1333.8000
N406US,737-401,BOEING,1334.0000
N830AS,CL-600-2B19,CANADAIR,1273.5000
N827AS,CL-600-2B19,CANADAIR,1334.7143
N27190,EMB-145XR,EMBRAER,1335.1000
N13566,EMB-145LR,EMBRAER,1265.1053
N642AW,A320-232,"AIRBUS INDUSTRIE",1336.5000
N154UW,A321-211,AIRBUS,1336.7143
N294JB,"ERJ 190-100 IGW",EMBRAER,1336.7600
N111US,A320-214,"AIRBUS INDUSTRIE",1337.0000
N14106,757-224,BOEING,1337.4286
N567UA,757-222,BOEING,1337.5000
N707TW,757-2Q8,BOEING,1337.8889
N228WN,737-7H4,BOEING,1338.0000
N17146,EMB-145XR,EMBRAER,1338.0000
N423WN,737-7H4,BOEING,1338.4000
N415UA,A320-232,"AIRBUS INDUSTRIE",1338.9000
N893AT,717-200,BOEING,1339.0000
N816UA,A319-131,"AIRBUS INDUSTRIE",1339.2667
N328AA,767-223,BOEING,1339.8857
N523US,757-251,BOEING,1340.0000
N498UA,A320-232,AIRBUS,1340.0909
N23707,737-724,BOEING,1340.4286
N462WN,737-7H4,BOEING,1340.6667
N550NW,757-251,BOEING,1342.0000
N918FJ,CL-600-2D24,"BOMBARDIER INC",671.0000
N636JB,A320-232,AIRBUS,1342.9333
N24224,737-824,BOEING,1343.0000
N903FJ,CL-600-2D24,"BOMBARDIER INC",1343.0000
N855UA,A319-131,AIRBUS,1343.1667
N793JB,A320-232,AIRBUS,1343.2917
N329AA,767-223,BOEING,1343.6471
N428WN,737-7H4,BOEING,1344.2000
N431AS,737-990ER,BOEING,1344.3333
N488UA,A320-232,"AIRBUS INDUSTRIE",1345.2857
N747UW,A319-112,"AIRBUS INDUSTRIE",1345.4211
N704US,A319-112,"AIRBUS INDUSTRIE",1345.5000
N599JB,A320-232,AIRBUS,1345.5652
N848VA,A320-214,AIRBUS,1346.1000
N8888D,CL-600-2B19,"BOMBARDIER INC",1346.2000
N814UA,A319-131,"AIRBUS INDUSTRIE",1346.6364
N457UA,A320-232,"AIRBUS INDUSTRIE",1346.6667
N611QX,CL-600-2C10,"BOMBARDIER INC",1346.8750
N23708,737-724,BOEING,1346.9375
N902WN,737-7H4,BOEING,1347.6000
N156UW,A321-211,AIRBUS,1347.9000
N951WN,737-7H4,BOEING,1348.0000
N841UA,A319-131,"AIRBUS INDUSTRIE",1348.0000
N11164,EMB-145XR,EMBRAER,1348.1667
N917WN,737-7H4,BOEING,1348.6000
N33294,737-824,BOEING,1349.0000
N13716,737-724,BOEING,1349.5556
N228PQ,CL-600-2D24,"BOMBARDIER INC",1350.3333
N831UA,A319-131,"AIRBUS INDUSTRIE",1350.4667
N652JB,A320-232,AIRBUS,1350.5185
N279AT,737-76N,BOEING,1351.0000
N475WN,737-7H4,BOEING,1352.0000
N73406,737-924,BOEING,1352.0000
N919FJ,CL-600-2D24,"BOMBARDIER INC",1352.0000
N618DL,757-232,BOEING,1353.0000
N7740A,737-7BD,BOEING,1353.5000
N457WN,737-7H4,BOEING,1353.5000
N8488D,CL-600-2B19,"BOMBARDIER INC",1353.5000
N14916,EMB-145LR,EMBRAER,1353.7143
N574UA,757-222,BOEING,1353.8000
N17138,EMB-145XR,EMBRAER,1354.0000
N715JB,A320-232,AIRBUS,1354.3333
N680DA,757-232,BOEING,1355.0000
N840VA,A320-214,AIRBUS,1355.6667
N958UW,"ERJ 190-100 IGW",EMBRAER,1356.1154
N238WN,737-7H4,BOEING,1356.3333
N567AA,"OTTER DHC-3",DEHAVILLAND,1357.2857
N560UW,A321-231,AIRBUS,1357.8571
N824UA,A319-131,"AIRBUS INDUSTRIE",1359.0000
N568JB,A320-232,AIRBUS,1359.5600
N655AW,A320-232,"AIRBUS INDUSTRIE",1361.2500
N13750,737-724,BOEING,1361.5882
N635VA,A320-214,AIRBUS,1361.8000
N358JB,"ERJ 190-100 IGW",EMBRAER,1362.2667
N211WN,737-7H4,BOEING,1363.6667
N234WN,737-7H4,BOEING,1363.6667
N281WN,737-7H4,BOEING,1363.6667
N11127,EMB-145XR,EMBRAER,1363.7143
N8828D,CL-600-2B19,"BOMBARDIER INC",1363.7778
N320US,A320-211,"AIRBUS INDUSTRIE",1364.2500
N675AW,A320-232,AIRBUS,1364.2500
N629JB,A320-232,AIRBUS,1364.3333
N836AY,CL-600-2B19,"BOMBARDIER INC",1365.0000
N8532G,CL-600-2B19,"BOMBARDIER INC",1365.3333
N819UA,A319-131,"AIRBUS INDUSTRIE",1366.0000
N579UA,757-222,BOEING,1366.3333
N763US,A319-112,"AIRBUS INDUSTRIE",1367.0000
N13553,EMB-145LR,EMBRAER,1367.0000
N238JB,"ERJ 190-100 IGW",EMBRAER,1367.0000
N789SW,737-7H4,BOEING,1368.3333
N519JB,A320-232,"AIRBUS INDUSTRIE",1368.5714
N942WN,737-7H4,BOEING,1368.6000
N960DL,MD-88,"MCDONNELL DOUGLAS AIRCRAFT CO",1368.6000
N7739A,737-7BD,BOEING,1368.7500
N464UA,A320-232,"AIRBUS INDUSTRIE",1369.8000
N14543,EMB-145LR,EMBRAER,1264.5385
N199UW,A321-211,AIRBUS,1370.0000
N352NW,A320-212,"AIRBUS INDUSTRIE",1370.1111
N12218,737-824,BOEING,1371.0909
N23721,737-724,BOEING,1371.2000
N782NC,DC-9-51,"MCDONNELL DOUGLAS",1371.5000
N478WN,737-7H4,BOEING,1371.6667
N16149,EMB-145XR,EMBRAER,1371.8095
N964WN,737-7H4,BOEING,1372.0000
N27421,737-924ER,BOEING,1372.0000
N849VA,A320-214,AIRBUS,1372.2500
N475UA,A320-232,"AIRBUS INDUSTRIE",1372.5714
N760JB,A320-232,AIRBUS,1372.7500
N11109,EMB-145XR,EMBRAER,1373.6250
N41140,757-224,BOEING,1374.2000
N793SA,737-7H4,BOEING,1374.3333
N362NW,A320-212,"AIRBUS INDUSTRIE",1374.8182
N29906,EMB-145LR,EMBRAER,1244.1429
N768JB,A320-232,AIRBUS,1375.1364
N323AA,767-223,BOEING,1375.3462
N78506,737-824,BOEING,1375.7143
N456WN,737-7H4,BOEING,1376.0000
N109UW,A320-214,"AIRBUS INDUSTRIE",1376.1667
N909EV,CL-600-2B19,"BOMBARDIER INC",1376.3333
N351JB,"ERJ 190-100 IGW",EMBRAER,1377.6078
N12552,EMB-145LR,EMBRAER,1330.7586
N645JB,A320-232,AIRBUS,1378.4231
N14228,737-824,BOEING,1378.5000
N586JB,A320-232,AIRBUS,1379.0000
N13955,EMB-145LR,EMBRAER,1379.9231
N324AA,767-223,BOEING,1380.3871
N553UA,757-222,BOEING,1380.5000
N533UA,757-222,BOEING,1380.8889
N270WN,737-705,BOEING,1381.0000
N373NW,A320-212,"AIRBUS INDUSTRIE",1381.2308
N656JB,A320-232,AIRBUS,1381.6000
N912DL,MD-88,"MCDONNELL DOUGLAS AIRCRAFT CO",1381.8000
N829UA,A319-131,"AIRBUS INDUSTRIE",1382.5000
N721UW,A319-112,"AIRBUS INDUSTRIE",1383.6000
N836VA,A320-214,AIRBUS,1384.0000
N367NW,A320-212,"AIRBUS INDUSTRIE",1384.4000
N826AS,CL-600-2B19,CANADAIR,1384.7500
N596AA,DC-9-83(MD-83),"MCDONNELL DOUGLAS",1385.6667
N842UA,A319-131,"AIRBUS INDUSTRIE",1385.7222
N374JB,"ERJ 190-100 IGW",EMBRAER,1385.7500
N827UA,A319-131,"AIRBUS INDUSTRIE",1386.2000
N595AA,DC-9-83(MD-83),"MCDONNELL DOUGLAS",1386.8750
N988DL,MD-88,"MCDONNELL DOUGLAS AIRCRAFT CO",1387.7500
N683DA,757-232,BOEING,1388.0000
N153PQ,CL-600-2D24,"BOMBARDIER INC",1388.5000
N661JB,A320-232,AIRBUS,1388.7667
N14105,EMB-145XR,EMBRAER,1389.0833
N802UA,A319-131,"AIRBUS INDUSTRIE",1389.8750
N16918,EMB-145LR,EMBRAER,1257.6190
N855VA,A320-214,AIRBUS,1390.3333
N741SA,737-7H4,BOEING,1390.6667
N705JB,A320-232,AIRBUS,1390.9375
N387DA,737-832,BOEING,1391.2500
N505AA,DC-9-82(MD-82),"MCDONNELL DOUGLAS",1391.3333
N945UW,"ERJ 190-100 IGW",EMBRAER,1391.8667
N558JB,A320-232,AIRBUS,1391.9630
N14704,737-724,BOEING,1392.0000
N8495B,CL-600-2B19,"BOMBARDIER INC",1392.0000
N567UW,A321-231,AIRBUS,1392.7000
N556WN,737-7BD,BOEING,1393.4000
N961DL,MD-88,"MCDONNELL DOUGLAS AIRCRAFT CO",1393.6667
N833AS,CL-600-2B19,"BOMBARDIER INC",1261.1905
N244WN,737-7H4,BOEING,1394.0000
N28478,737-924ER,BOEING,1394.4000
N17245,737-824,BOEING,1394.8571
N13124,EMB-145XR,EMBRAER,1395.1875
N15986,EMB-145LR,EMBRAER,1352.0313
N877AS,CL-600-2B19,"BOMBARDIER INC",1396.0000
N947DL,MD-88,"MCDONNELL DOUGLAS AIRCRAFT CO",1396.0000
N15555,EMB-145LR,EMBRAER,1308.8125
N896AT,717-200,BOEING,1163.5000
N907WN,737-7H4,BOEING,1396.3333
N764US,A319-112,"AIRBUS INDUSTRIE",1396.5238
N3750D,737-832,BOEING,1396.6154
N12195,EMB-145XR,EMBRAER,1396.8571
N14125,EMB-145XR,EMBRAER,1397.4000
N839UA,A319-131,"AIRBUS INDUSTRIE",1397.4667
N474WN,737-7H4,BOEING,1397.6667
N87507,737-824,BOEING,1397.9000
N354JB,"ERJ 190-100 IGW",EMBRAER,1398.1111
N75433,737-924ER,BOEING,1398.9091
N603DL,757-232,BOEING,1399.0000
N852VA,A320-214,AIRBUS,1399.1111
N906DE,MD-88,"MCDONNELL DOUGLAS CORPORATION",1399.1667
N508JB,SR22,"CIRRUS DESIGN CORP",1399.4444
N768US,A319-112,"AIRBUS INDUSTRIE",1399.5000
N264LV,737-7H4,BOEING,1399.6000
N176UW,A321-211,"AIRBUS INDUSTRIE",1399.6667
N652AW,A320-232,"AIRBUS INDUSTRIE",1399.8889
N529UA,757-222,BOEING,1400.1111
N11150,EMB-145XR,EMBRAER,1401.8889
N745VJ,A319-112,"AIRBUS INDUSTRIE",1402.8667
N262WN,737-7H4,BOEING,1403.0000
N16561,EMB-145LR,EMBRAER,1403.2500
N547JB,A320-232,AIRBUS,1403.3333
N630JB,A320-232,AIRBUS,1403.9677
N559JB,A320-232,AIRBUS,1404.0000
N14219,737-824,BOEING,1404.2857
N469UA,A320-232,"AIRBUS INDUSTRIE",1405.4000
N806JB,A320-232,AIRBUS,1406.0000
N178US,A321-211,"AIRBUS INDUSTRIE",1407.2500
N14923,EMB-145LR,EMBRAER,1355.3333
N16976,EMB-145LR,EMBRAER,1343.5000
N957UW,"ERJ 190-100 IGW",EMBRAER,1407.9286
N128UW,A320-214,AIRBUS,1408.0000
N569JB,A320-232,AIRBUS,1408.5000
N819AY,CL-600-2B19,"BOMBARDIER INC",1408.5000
N513AA,DC-9-82(MD-82),"MCDONNELL DOUGLAS",1408.5000
N928WN,737-7H4,BOEING,1409.0000
N239WN,737-7H4,BOEING,1409.0000
N325NB,A319-114,"AIRBUS INDUSTRIE",1409.1000
N730US,A319-112,"AIRBUS INDUSTRIE",1409.2500
N552AA,DC-9-82(MD-82),"MCDONNELL DOUGLAS",1409.5000
N39418,737-924ER,BOEING,1409.6250
N832AS,CL-600-2B19,CANADAIR,1301.4615
N373JB,"ERJ 190-100 IGW",EMBRAER,1410.0345
N756US,A319-112,"AIRBUS INDUSTRIE",1410.1250
N717SA,737-7H4,BOEING,1410.5000
N708JB,A320-232,AIRBUS,1410.7222
N10575,EMB-145LR,EMBRAER,1341.9512
N362NB,A319-114,AIRBUS,1410.8333
N27733,737-724,BOEING,1411.2857
N13903,EMB-145LR,EMBRAER,1411.3600
N804UA,A319-131,"AIRBUS INDUSTRIE",1411.6923
N503JB,A320-232,"AIRBUS INDUSTRIE",1411.7391
N247JB,"ERJ 190-100 IGW",EMBRAER,1412.2449
N557AA,"KITFOX IV","MARZ BARRY",1412.2500
N584AA,DC-9-82(MD-82),"MCDONNELL DOUGLAS",1412.3333
N14960,EMB-145LR,EMBRAER,1412.6364
N921WN,737-7H4,BOEING,1413.0000
N256WN,737-7H4,BOEING,1413.0000
N571JB,A320-232,AIRBUS,1413.4375
N37293,737-824,BOEING,1413.6667
N441UA,A320-232,"AIRBUS INDUSTRIE",1414.9231
N749US,A319-112,"AIRBUS INDUSTRIE",1415.0000
N752EV,CL-600-2C10,"BOMBARDIER INC",1366.3103
N232PQ,CL-600-2D24,"BOMBARDIER INC",1415.3750
N729JB,A320-232,AIRBUS,1415.7059
N338AA,767-223,BOEING,1416.3889
N761ND,CL-600-2C10,"BOMBARDIER INC",1416.3889
N14959,EMB-145LR,EMBRAER,1416.4074
N954WN,737-7H4,BOEING,1416.5000
N8794B,CL-600-2B19,"BOMBARDIER INC",1416.8000
N945AT,717-200,BOEING,1417.0000
N488WN,737-7H4,BOEING,1417.0000
N565JB,A320-232,AIRBUS,1417.0625
N19554,EMB-145LR,EMBRAER,1328.6875
N364NW,A320-212,"AIRBUS INDUSTRIE",1417.2857
N3753,737-832,BOEING,1417.3333
N850UA,A319-131,"AIRBUS INDUSTRIE",1417.4444
N134EV,CL-600-2D24,"BOMBARDIER INC",1417.8571
N486WN,737-7H4,BOEING,1418.0000
N480WN,737-7H4,BOEING,1418.0000
N384HA,A330-243,AIRBUS,1418.0000
N16703,737-724,BOEING,1418.4000
N17984,EMB-145LR,EMBRAER,1340.1667
N310NW,A320-211,"AIRBUS INDUSTRIE",1419.5714
N45440,737-924ER,BOEING,1419.8889
N815UA,A319-131,"AIRBUS INDUSTRIE",1314.7778
N946UW,"ERJ 190-100 IGW",EMBRAER,1420.0000
N75426,737-924ER,BOEING,1420.0667
N505JB,A320-232,"AIRBUS INDUSTRIE",1420.1250
N79521,737-824,BOEING,1420.1667
N203JB,"ERJ 190-100 IGW",EMBRAER,1420.3810
N3758Y,737-832,BOEING,1420.6667
N591AA,DC-9-83(MD-83),"MCDONNELL DOUGLAS",1420.8000
N239JB,"ERJ 190-100 IGW",EMBRAER,1421.2927
N820AS,CL-600-2B19,CANADAIR,1421.3500
N125UW,A320-214,AIRBUS,1421.4000
N281JB,"ERJ 190-100 IGW",EMBRAER,1421.5217
N327NW,A320-211,"AIRBUS INDUSTRIE",1421.8000
N155UW,A321-211,AIRBUS,1422.0000
N521UA,757-222,BOEING,1422.5000
N703JB,A320-232,AIRBUS,1422.5833
N460UA,A320-232,"AIRBUS INDUSTRIE",1422.6667
N576UA,757-222,BOEING,1422.8750
N36915,EMB-145LR,EMBRAER,1351.8000
N219WN,737-7H4,BOEING,1423.0000
N258WN,737-7H4,BOEING,1423.0000
N630VA,A320-214,AIRBUS,1423.0000
N8598B,CL-600-2B19,"BOMBARDIER INC",1423.0000
N391HA,A330-243,AIRBUS,1423.3333
N24702,737-724,BOEING,1423.4000
N21130,EMB-145XR,EMBRAER,1423.4615
N345NW,A320-212,"AIRBUS INDUSTRIE",1423.7500
N39463,737-924ER,BOEING,1424.0000
N102UW,A320-214,"AIRBUS INDUSTRIE",1424.5000
N720WN,737-7H4,BOEING,1424.6000
N753US,A319-112,"AIRBUS INDUSTRIE",1424.6000
N951UW,"ERJ 190-100 IGW",EMBRAER,1424.6563
N103US,A320-214,"AIRBUS INDUSTRIE",1424.8333
N736SA,737-7H4,BOEING,1425.0000
N342NW,A320-212,"AIRBUS INDUSTRIE",1425.3846
N283JB,"ERJ 190-100 IGW",EMBRAER,1425.8500
N593AA,DC-9-83(MD-83),"MCDONNELL DOUGLAS",1425.8571
N934WN,737-7H4,BOEING,1426.0000
N933WN,737-7H4,BOEING,1426.0000
N388HA,A330-243,AIRBUS,1426.0000
N124US,A320-214,"AIRBUS INDUSTRIE",1426.2857
N168AT,737-76N,BOEING,1426.5000
N14143,EMB-145XR,EMBRAER,1070.1250
N297WN,737-7H4,BOEING,1427.0000
N37298,737-824,BOEING,1427.2500
N852UA,A319-131,AIRBUS,1427.5000
N150UW,A321-211,AIRBUS,1427.8000
N998AT,717-200,BOEING,1428.0000
N37464,737-924ER,BOEING,1428.6667
N8943A,CL-600-2B19,"BOMBARDIER INC",1428.8750
N180DN,767-332,BOEING,1429.0000
N385HA,A330-243,AIRBUS,1429.0000
N707EV,CL-600-2C10,"BOMBARDIER INC",1429.1250
N809UA,A319-131,"AIRBUS INDUSTRIE",1429.2778
N914WN,737-7H4,BOEING,1429.3333
N524JB,A320-232,"AIRBUS INDUSTRIE",1429.8214
N530UA,757-222,BOEING,1429.9000
N13956,EMB-145LR,EMBRAER,1430.4615
N33284,737-824,BOEING,1430.5000
N351NW,A320-212,"AIRBUS INDUSTRIE",1430.6000
N202AA,421C,CESSNA,1431.0000
N723SW,737-7H4,BOEING,1431.0000
N393HA,A330-243,AIRBUS,1431.0000
N595JB,A320-232,AIRBUS,1378.0370
N833UA,A319-131,"AIRBUS INDUSTRIE",1431.1875
N14171,EMB-145XR,EMBRAER,1431.5833
N114UW,A320-214,"AIRBUS INDUSTRIE",1432.2500
N845VA,A320-214,AIRBUS,1432.2727
N808UA,A319-131,"AIRBUS INDUSTRIE",1432.5000
N835AS,CL-600-2B19,"BOMBARDIER INC",1353.6667
N41104,EMB-145XR,EMBRAER,1314.0000
N498WN,737-7H4,BOEING,1433.5000
N16919,EMB-145LR,EMBRAER,1358.1579
N986AT,717-200,BOEING,1434.0000
N266WN,737-7H4,BOEING,1434.0000
N371NB,A319-114,AIRBUS,1434.0400
N13995,EMB-145LR,EMBRAER,1297.7619
N485AA,DC-9-82(MD-82),"MCDONNELL DOUGLAS",1434.4000
N382HA,A330-243,AIRBUS,1435.0000
N201AA,150,CESSNA,1230.1429
N552JB,A320-232,AIRBUS,1435.3600
N965UW,"ERJ 190-100 IGW",EMBRAER,1435.3846
N560AA,DC-9-82(MD-82),"MCDONNELL DOUGLAS",1435.4286
N602AW,A320-232,"AIRBUS INDUSTRIE",1435.5000
N279JB,"ERJ 190-100 IGW",EMBRAER,1435.5000
N389HA,A330-243,AIRBUS,1435.6667
N551WN,737-76Q,BOEING,1436.0000
N19130,757-224,BOEING,1436.4000
N240WN,737-7H4,BOEING,1437.0000
N798SW,737-7AD,BOEING,1437.3333
N948UW,"ERJ 190-100 IGW",EMBRAER,1437.5909
N8580A,CL-600-2B19,"BOMBARDIER INC",1437.6000
N386HA,A330-243,AIRBUS,1437.6667
N381HA,A330-243,AIRBUS,1438.0000
N380HA,A330-243,AIRBUS,1438.0000
N419UA,A320-232,"AIRBUS INDUSTRIE",1438.0625
N947UW,"ERJ 190-100 IGW",EMBRAER,1438.0800
N821UA,A319-131,"AIRBUS INDUSTRIE",1438.2917
N24128,EMB-145XR,EMBRAER,1438.5000
N570UA,757-222,BOEING,1438.6667
N14204,EMB-145XR,EMBRAER,1439.0000
N319AA,767-223,BOEING,1439.0455
N459UA,A320-232,"AIRBUS INDUSTRIE",1439.2500
N906WN,737-7H4,BOEING,1440.0000
N332AA,767-223,BOEING,1440.4167
N845UA,A319-131,"AIRBUS INDUSTRIE",1440.5500
N14186,EMB-145XR,EMBRAER,1440.6154
N210WN,737-7H4,BOEING,1440.6667
N486AA,DC-9-82(MD-82),"MCDONNELL DOUGLAS",1440.7143
N374DA,737-832,BOEING,1440.8889
N754UW,A319-112,"AIRBUS INDUSTRIE",1441.0526
N14180,EMB-145XR,EMBRAER,1356.4118
N565AA,DC-9-83(MD-83),"MCDONNELL DOUGLAS",1441.4286
N714US,A319-112,"AIRBUS INDUSTRIE",1442.2727
N16170,EMB-145XR,EMBRAER,1290.5789
N15712,737-724,BOEING,1442.6667
N706JB,A320-232,AIRBUS,1443.3333
N317NB,A319-114,"AIRBUS INDUSTRIE",1443.4400
N593JB,A320-232,AIRBUS,1443.8333
N538UW,A321-231,AIRBUS,1443.8750
N842VA,A320-214,AIRBUS,1444.0000
N12567,EMB-145LR,EMBRAER,1444.2500
N953WN,737-7H4,BOEING,1445.0000
N38458,737-924ER,BOEING,1445.1667
N324JB,"ERJ 190-100 IGW",EMBRAER,1445.3571
N562UW,A321-231,AIRBUS,1445.5714
N361VA,A320-214,AIRBUS,1445.6667
N17115,EMB-145XR,EMBRAER,1380.0455
N433LV,737-7H4,BOEING,1446.0000
N523JB,A320-232,"AIRBUS INDUSTRIE",1446.0000
N554UW,A321-231,AIRBUS,1446.2500
N8416B,CL-600-2B19,"BOMBARDIER INC",1446.4000
N949UW,"ERJ 190-100 IGW",EMBRAER,1446.5714
N12201,EMB-145XR,EMBRAER,1446.6429
N269WN,737-7H4,BOEING,1447.0000
N385DN,737-832,BOEING,1447.0000
N73251,737-824,BOEING,1447.1250
N127UW,A320-214,AIRBUS,1448.0000
N27477,737-924ER,BOEING,1448.5000
N392HA,A330-243,AIRBUS,1449.0000
N695CA,CL-600-2D24,"BOMBARDIER INC",1449.0000
N192DN,767-332,BOEING,1449.1111
N506JB,A320-232,"AIRBUS INDUSTRIE",1449.1875
N113UW,A320-214,"AIRBUS INDUSTRIE",1449.2000
N284JB,"ERJ 190-100 IGW",EMBRAER,1449.5000
N13979,EMB-145LR,EMBRAER,1449.7059
N302NB,A319-114,"AIRBUS INDUSTRIE",1449.7500
N229JB,"ERJ 190-100 IGW",EMBRAER,1450.0968
N745SW,737-7H4,BOEING,1450.5000
N710TW,757-2Q8,BOEING,1450.6522
N358NB,A319-114,AIRBUS,1450.7813
N37700,737-832,BOEING,1451.4667
N585JB,A320-232,AIRBUS,1451.5000
N902FJ,CL-600-2D24,"BOMBARDIER INC",1452.0000
N12160,EMB-145XR,EMBRAER,1452.3333
N667AW,A320-232,"AIRBUS INDUSTRIE",1452.4000
N320AA,767-223,BOEING,1452.6061
N12540,EMB-145LR,EMBRAER,1452.6667
N520JB,A320-232,"AIRBUS INDUSTRIE",1452.9355
N14177,EMB-145XR,EMBRAER,1453.2727
N728SW,737-7H4,BOEING,1453.5000
N313US,A320-211,"AIRBUS INDUSTRIE",1453.5263
N314US,A320-211,"AIRBUS INDUSTRIE",1453.7500
N628AA,757-223,BOEING,1453.9000
N967UW,"ERJ 190-100 IGW",EMBRAER,1454.0000
N571UA,757-222,BOEING,1454.9167
N981DL,MD-88,"MCDONNELL DOUGLAS AIRCRAFT CO",1455.0000
N13538,EMB-145LR,EMBRAER,1406.9000
N8968E,CL-600-2B19,"BOMBARDIER INC",1456.5000
N703TW,757-2Q8,BOEING,1457.0000
N681DA,757-232,BOEING,1457.3333
N445UA,A320-232,"AIRBUS INDUSTRIE",1457.3333
N702TW,757-2Q8,BOEING,1457.5385
N570AA,DC-9-83(MD-83),"MCDONNELL DOUGLAS",1458.0000
N13968,EMB-145LR,EMBRAER,1388.9048
N677AW,A320-232,AIRBUS,1458.4000
N215WN,737-7H4,BOEING,1458.5000
N482AA,DC-9-82(MD-82),"MCDONNELL DOUGLAS",1458.5000
N761RR,737-7H4,BOEING,1458.6667
N13978,EMB-145LR,EMBRAER,1402.5769
N340NW,A320-212,"AIRBUS INDUSTRIE",1458.8571
N8837B,CL-600-2B19,"BOMBARDIER INC",1458.9000
N796JB,A320-232,AIRBUS,1459.2353
N437WN,737-7H4,BOEING,1459.2500
N477UA,A320-232,"AIRBUS INDUSTRIE",1459.3333
N548UW,A321-231,AIRBUS,1459.5000
N738CB,737-7H4,BOEING,1459.6000
N752US,A319-112,"AIRBUS INDUSTRIE",1459.6818
N546UW,A321-231,AIRBUS,1459.7500
N576AA,DC-9-82(MD-82),"MCDONNELL DOUGLAS",1168.2000
N963WN,737-7H4,BOEING,1460.3333
N651JB,A320-232,AIRBUS,1460.5882
N34137,757-224,BOEING,1460.8333
N600QX,CL-600-2C10,"BOMBARDIER INC",1460.9545
N13988,EMB-145LR,EMBRAER,1404.8462
N298JB,"ERJ 190-100 IGW",EMBRAER,1461.4211
N14162,EMB-145XR,EMBRAER,1461.6000
N340NB,A319-114,AIRBUS,1461.6250
N12922,EMB-145LR,EMBRAER,1462.3000
N403WN,737-7H4,BOEING,1462.6667
N737JW,737-7H4,BOEING,1462.6667
N911DL,MD-88,"MCDONNELL DOUGLAS AIRCRAFT CO",1462.7778
N21154,EMB-145XR,EMBRAER,1462.9474
N427WN,737-7H4,BOEING,1463.0000
N920DE,MD-88,"MCDONNELL DOUGLAS AIRCRAFT CO",1463.0000
N853VA,A320-214,AIRBUS,1463.5833
N333NB,A319-114,"AIRBUS INDUSTRIE",1463.5882
N626VA,A320-214,AIRBUS,1463.9231
N493WN,737-7H4,BOEING,1464.0000
N487UA,A320-232,"AIRBUS INDUSTRIE",1464.0000
N3768,737-832,BOEING,1464.8571
N444UA,A320-232,"AIRBUS INDUSTRIE",1464.8750
N13975,EMB-145LR,EMBRAER,1464.9231
N75435,737-924ER,BOEING,1465.0000
N911DE,MD-88,"MCDONNELL DOUGLAS AIRCRAFT CO",1465.5714
N954UW,"ERJ 190-100 IGW",EMBRAER,1465.6552
N769US,A319-112,"AIRBUS INDUSTRIE",1465.8846
N801UA,A319-131,"AIRBUS INDUSTRIE",1465.9333
N390HA,A330-243,AIRBUS,1466.0000
N589JB,A320-232,AIRBUS,1466.0435
N835UA,A319-131,"AIRBUS INDUSTRIE",1466.0526
N623JB,A320-232,AIRBUS,1466.2000
N37434,737-924ER,BOEING,1466.2500
N813UA,A319-131,"AIRBUS INDUSTRIE",1466.3750
N193DN,767-332,BOEING,1466.5714
N827JB,A320-232,AIRBUS,1466.6250
N8977A,CL-600-2B19,"BOMBARDIER INC",1466.6667
N15980,EMB-145LR,EMBRAER,1466.7500
N35407,737-924,BOEING,1467.0000
N592JB,A320-232,AIRBUS,1467.1600
N618JB,A320-232,AIRBUS,1467.1667
N913DL,MD-88,"MCDONNELL DOUGLAS AIRCRAFT CO",1467.4444
N809JB,A320-232,AIRBUS,1467.4783
N822UA,A319-131,"AIRBUS INDUSTRIE",1468.0556
N721TW,757-231,BOEING,1468.4333
N16541,EMB-145LR,EMBRAER,1468.5600
N11176,EMB-145XR,EMBRAER,1468.8462
N632VA,A320-214,AIRBUS,1469.1538
N704SW,737-7H4,BOEING,1469.5000
N493AA,DC-9-82(MD-82),"MCDONNELL DOUGLAS",1224.8333
N616DL,757-232,BOEING,1470.0000
N13914,EMB-145LR,EMBRAER,1470.1875
N358NW,A320-212,"AIRBUS INDUSTRIE",1470.2000
N3744F,737-832,BOEING,1470.2500
N14237,737-824,BOEING,1471.1667
N344NW,A320-212,"AIRBUS INDUSTRIE",1471.2500
N162UW,A321-211,"AIRBUS INDUSTRIE",1471.3333
N569UW,A321-231,AIRBUS,1471.3333
N789JB,A320-232,AIRBUS,1471.7917
N13718,737-724,BOEING,1471.8125
N492UA,A320-232,AIRBUS,1472.0000
N968WN,737-7H4,BOEING,1472.5000
N960WN,737-7H4,BOEING,1472.5000
N512UA,757-222,BOEING,1472.7037
N765US,A319-112,"AIRBUS INDUSTRIE",1472.8182
N807UA,A319-131,"AIRBUS INDUSTRIE",1472.8500
N558UW,A321-231,AIRBUS,1473.4000
N374NW,A320-212,"AIRBUS INDUSTRIE",1473.5000
N967WN,737-7H4,BOEING,1473.5714
N624VA,A320-214,AIRBUS,1473.7273
N426WN,737-7H4,BOEING,1473.8000
N8960A,CL-600-2B19,"BOMBARDIER INC",1473.8000
N14993,EMB-145LR,EMBRAER,1474.1304
N8672A,CL-600-2B19,"BOMBARDIER INC",1474.2500
N597AA,DC-9-83(MD-83),"MCDONNELL DOUGLAS",1474.6000
N708UW,A319-112,"AIRBUS INDUSTRIE",1474.6667
N7732A,737-7BD,BOEING,1106.2500
N39728,737-724,BOEING,1475.2143
N322NB,A319-114,"AIRBUS INDUSTRIE",1475.2800
N650AW,A320-232,"AIRBUS INDUSTRIE",1475.5000
N24706,737-724,BOEING,1475.6364
N938WN,737-7H4,BOEING,1475.7500
N37274,737-824,BOEING,1475.8750
N483UA,A320-232,"AIRBUS INDUSTRIE",1475.9286
N275WN,737-7H4,BOEING,1476.0000
N366NB,A319-114,AIRBUS,1476.0667
N799SW,737-7Q8,BOEING,1476.5000
N370NB,A319-114,AIRBUS,1476.5000
N917DL,MD-88,"MCDONNELL DOUGLAS AIRCRAFT CO",1476.7273
N927DA,MD-88,"MCDONNELL DOUGLAS AIRCRAFT CO",1477.7500
N31412,737-924,BOEING,1478.0909
N703UW,A319-112,"AIRBUS INDUSTRIE",1478.4000
N508AA,206B,BELL,1478.7500
N371CA,CL-600-2C10,"BOMBARDIER INC",1478.8333
N554JB,A320-232,AIRBUS,1478.9259
N747SA,737-7H4,BOEING,1479.2500
N813AY,CL-600-2B19,"BOMBARDIER INC",1479.5000
N178JB,"ERJ 190-100 IGW",EMBRAER,1479.5882
N338AT,737-7BD,BOEING,1479.6000
N12924,EMB-145LR,EMBRAER,1384.1613
N635DL,757-232,BOEING,1479.8333
N13949,EMB-145LR,EMBRAER,1423.0000
N108UW,A320-214,"AIRBUS INDUSTRIE",1480.0000
N414UA,A320-232,"AIRBUS INDUSTRIE",1480.0000
N355NB,A319-114,AIRBUS,1480.1786
N946DL,MD-88,"MCDONNELL DOUGLAS AIRCRAFT CO",1480.4167
N15985,EMB-145LR,EMBRAER,1480.4545
N357NB,A319-114,AIRBUS,1480.5455
N544UW,A321-231,AIRBUS,1480.8750
N637JB,A320-232,AIRBUS,1481.2800
N843UA,A319-131,"AIRBUS INDUSTRIE",1482.0000
N841VA,A320-214,AIRBUS,1482.7500
N191DN,767-332,BOEING,1483.0000
N631VA,A320-214,AIRBUS,1483.0667
N402UA,A320-232,"AIRBUS INDUSTRIE",1483.1053
N812UA,A319-131,"AIRBUS INDUSTRIE",1483.1333
N634JB,A320-232,AIRBUS,1483.2500
N673DL,757-232,BOEING,1483.5000
N619AA,757-223,BOEING,1483.5714
N797MX,737-7H4,BOEING,1483.6667
N828JB,A320-232,AIRBUS,1483.8182
N952UW,"ERJ 190-100 IGW",EMBRAER,1483.9167
N910WN,737-7H4,BOEING,1484.0000
N36476,737-924ER,BOEING,1484.2000
N39475,737-924ER,BOEING,1484.2000
N236JB,"ERJ 190-100 IGW",EMBRAER,1484.6452
N11565,EMB-145LR,EMBRAER,1485.3077
N355JB,"ERJ 190-100 IGW",EMBRAER,1485.3462
N14542,EMB-145LR,EMBRAER,1485.5714
N810UA,A319-131,"AIRBUS INDUSTRIE",1485.8824
N14972,EMB-145LR,EMBRAER,1486.0800
N347NB,A319-114,AIRBUS,1486.2000
N77295,737-824,BOEING,1486.6667
N81449,737-924ER,BOEING,1486.8571
N307JB,"ERJ 190-100 IGW",EMBRAER,1486.9020
N473WN,737-7H4,BOEING,1487.0000
N198UW,A321-211,AIRBUS,1487.1250
N37413,737-924ER,BOEING,1487.4667
N13970,EMB-145LR,EMBRAER,1388.4000
N228JB,"ERJ 190-100 IGW",EMBRAER,1488.0625
N605QX,CL-600-2C10,"BOMBARDIER INC",1488.1739
N320NB,A319-114,"AIRBUS INDUSTRIE",1488.2273
N11187,EMB-145XR,EMBRAER,1488.2857
N834AS,CL-600-2B19,"BOMBARDIER INC",1488.4667
N15983,EMB-145LR,EMBRAER,1429.0800
N339AA,767-223,BOEING,1488.7143
N187JB,"ERJ 190-100 IGW",EMBRAER,1488.7619
N8913A,CL-600-2B19,"BOMBARDIER INC",1489.1250
N989DL,MD-88,"MCDONNELL DOUGLAS AIRCRAFT CO",1489.5455
N535JB,A320-232,"AIRBUS INDUSTRIE",1490.1538
N692DL,757-232,BOEING,1490.3333
N26123,757-224,BOEING,1490.5000
N54711,737-724,BOEING,1490.8000
N188DN,767-332,BOEING,1491.1000
N949WN,737-7H4,BOEING,1491.5000
N18556,EMB-145LR,EMBRAER,1491.5833
N950UW,"ERJ 190-100 IGW",EMBRAER,1491.6111
N57439,737-924ER,BOEING,1491.7692
N56859,757-324,BOEING,1492.0000
N948WN,737-7H4,BOEING,1493.0000
N537JB,R66,"ROBINSON HELICOPTER CO",1493.4375
N849UA,A319-131,"AIRBUS INDUSTRIE",1493.5714
N658DL,757-232,BOEING,1493.6667
N689DL,757-232,BOEING,1493.6667
N274JB,"ERJ 190-100 IGW",EMBRAER,1493.7273
N16732,737-724,BOEING,1494.1304
N919XJ,CL-600-2D24,"BOMBARDIER INC",1494.4286
N16546,EMB-145LR,EMBRAER,1445.1000
N346JB,"ERJ 190-100 IGW",EMBRAER,1495.0000
N913XJ,CL-600-2D24,"BOMBARDIER INC",1495.2647
N723UW,A319-112,"AIRBUS INDUSTRIE",1496.0000
N479AA,DC-9-82(MD-82),"MCDONNELL DOUGLAS",1496.3333
N75410,737-924,BOEING,1497.0000
N8914A,CL-600-2B19,"BOMBARDIER INC",1497.0000
N311US,A320-211,"AIRBUS INDUSTRIE",1497.2857
N523UA,757-222,BOEING,1497.3571
N12126,EMB-145XR,EMBRAER,1426.1429
N356NW,A320-212,"AIRBUS INDUSTRIE",1497.6000
N8982A,CL-600-2B19,"BOMBARDIER INC",1497.6000
N477WN,737-7H4,BOEING,1498.0000
N412UA,A320-232,"AIRBUS INDUSTRIE",1498.5714
N309JB,"ERJ 190-100 IGW",EMBRAER,1498.8462
N537UA,757-222,BOEING,1499.2143
N968DL,MD-88,"MCDONNELL DOUGLAS AIRCRAFT CO",1499.5556
N836UA,A319-131,"AIRBUS INDUSTRIE",1499.8500
N366NW,A320-212,"AIRBUS INDUSTRIE",1499.8889
N8516C,CL-600-2B19,"BOMBARDIER INC",1500.0000
N638JB,A320-232,AIRBUS,1500.1500
N8745B,CL-600-2B19,"BOMBARDIER INC",1500.2000
N602LR,CL-600-2D24,"BOMBARDIER INC",1500.3810
N806UA,A319-131,"AIRBUS INDUSTRIE",1500.5000
N195DN,767-332,BOEING,1500.9091
N583JB,A320-232,AIRBUS,1501.0000
N915DE,MD-88,"MCDONNELL DOUGLAS AIRCRAFT CO",1501.0000
N526UA,757-222,BOEING,1501.2222
N918DE,MD-88,"MCDONNELL DOUGLAS AIRCRAFT CO",1501.2857
N336AA,767-223,BOEING,1501.3103
N13958,EMB-145LR,EMBRAER,1501.5556
N550WN,737-76Q,BOEING,1502.0000
N13202,EMB-145XR,EMBRAER,1502.0000
N315NB,A319-114,"AIRBUS INDUSTRIE",1502.0465
N711UW,A319-112,"AIRBUS INDUSTRIE",1502.1667
N107US,A320-214,"AIRBUS INDUSTRIE",1502.2500
N767UW,A319-112,"AIRBUS INDUSTRIE",1502.3793
N353JB,"ERJ 190-100 IGW",EMBRAER,1502.4138
N8409N,CL-600-2B19,"BOMBARDIER INC",1502.5000
N349NB,A319-114,AIRBUS,1502.7931
N398CA,CL-600-2C10,"BOMBARDIER INC",1503.1364
N378SW,737-3H4,BOEING,1504.0000
N17730,737-724,BOEING,1504.0000
N21723,737-724,BOEING,1504.0000
N21537,EMB-145LR,EMBRAER,1432.4762
N832UA,A319-131,"AIRBUS INDUSTRIE",1504.3333
N325US,A320-211,"AIRBUS INDUSTRIE",1504.4286
N953UW,"ERJ 190-100 IGW",EMBRAER,1504.4390
N443UA,A320-232,"AIRBUS INDUSTRIE",1504.5000
N16559,EMB-145LR,EMBRAER,1504.6000
N518UA,757-222,BOEING,1504.7931
N612JB,A320-232,AIRBUS,1505.1333
N209WN,737-7H4,BOEING,1505.1667
N823UA,A319-131,"AIRBUS INDUSTRIE",1505.2000
N119US,A320-214,"AIRBUS INDUSTRIE",1505.2500
N13133,EMB-145XR,EMBRAER,1505.6667
N420UA,A320-232,"AIRBUS INDUSTRIE",1505.7143
N531JB,"ZODIAC 601HDS","BARKER JACK L",1505.9375
N625JB,A320-232,AIRBUS,1506.0400
N601AW,A320-232,AIRBUS,1506.3750
N910DE,MD-88,"MCDONNELL DOUGLAS CORPORATION",1506.3750
N954AT,717-200,BOEING,1506.5000
N656AW,A320-232,"AIRBUS INDUSTRIE",1506.8889
N594JB,A320-232,AIRBUS,1506.9333
N587JB,A320-232,AIRBUS,1507.0833
N658AW,A320-232,"AIRBUS INDUSTRIE",1507.4000
N637VA,A320-214,AIRBUS,1507.4545
N753EV,CL-600-2C10,"BOMBARDIER INC",1455.6897
N744EV,CL-600-2C10,"BOMBARDIER INC",1449.8462
N335AA,767-223,BOEING,1508.0000
N554AA,DC-9-82(MD-82),"MCDONNELL DOUGLAS",1508.0000
N847UA,A319-131,"AIRBUS INDUSTRIE",1508.6957
N648JB,A320-232,AIRBUS,1508.7143
N437UA,A320-232,"AIRBUS INDUSTRIE",1509.0000
N936DL,MD-88,"MCDONNELL DOUGLAS AIRCRAFT CO",1509.2500
N709TW,757-2Q8,BOEING,1509.4500
N14907,EMB-145LR,EMBRAER,1509.5000
N561UA,757-222,BOEING,1509.7143
N784JB,A320-232,AIRBUS,1510.2727
N13248,737-824,BOEING,1510.5833
N489WN,737-7H4,BOEING,1511.0000
N190JB,"ERJ 190-100 IGW",EMBRAER,1511.0714
N996DL,MD-88,"MCDONNELL DOUGLAS AIRCRAFT CO",1511.4000
N659JB,A320-232,AIRBUS,1511.4375
N207WN,737-7H4,BOEING,1511.5000
N615JB,A320-232,AIRBUS,1511.9286
N603JB,A320-232,AIRBUS,1511.9333
N472AA,DC-9-82(MD-82),"MCDONNELL DOUGLAS",1512.0000
N18101,EMB-145XR,EMBRAER,1512.0000
N913DE,MD-88,"MCDONNELL DOUGLAS AIRCRAFT CO",1512.0714
N662DN,757-232,BOEING,1512.3333
N429UA,A320-232,"AIRBUS INDUSTRIE",1512.4286
N17229,737-824,BOEING,1512.5833
N11548,EMB-145LR,EMBRAER,1466.8485
N73291,737-824,BOEING,1513.0909
N755US,A319-112,"AIRBUS INDUSTRIE",1513.3333
N12136,EMB-145XR,EMBRAER,1513.5000
N919DL,MD-88,"MCDONNELL DOUGLAS AIRCRAFT CO",1513.6667
N408WN,737-7H4,BOEING,1514.0000
N561JB,A320-232,AIRBUS,1514.0400
N14115,757-224,BOEING,1514.1818
N702UW,A319-112,"AIRBUS INDUSTRIE",1514.3333
N418UA,A320-232,"AIRBUS INDUSTRIE",1514.7000
N292JB,"ERJ 190-100 IGW",EMBRAER,1514.8000
N14991,EMB-145LR,EMBRAER,1454.2800
N961UW,"ERJ 190-100 IGW",EMBRAER,1515.3913
N329NB,A319-114,"AIRBUS INDUSTRIE",1515.3947
N710UW,A319-112,"AIRBUS INDUSTRIE",1515.4000
N976DL,MD-88,"MCDONNELL DOUGLAS AIRCRAFT CO",1515.6667
N329JB,"ERJ 190-100 IGW",EMBRAER,1515.7778
N713TW,757-2Q8,BOEING,1515.8571
N588JB,A320-232,AIRBUS,1516.0000
N454AA,DC-9-82(MD-82),"MCDONNELL DOUGLAS",1516.0000
N540UW,A321-231,AIRBUS,1516.1250
N8674A,CL-600-2B19,"BOMBARDIER INC",1516.3333
N829AS,CL-600-2B19,CANADAIR,1516.4231
N8891A,CL-600-2B19,"BOMBARDIER INC",1516.4444
N636VA,A320-214,AIRBUS,1516.5333
N467WN,737-7H4,BOEING,1517.0000
N8665A,CL-600-2B19,"BOMBARDIER INC",1517.0000
N455UA,A320-232,"AIRBUS INDUSTRIE",1517.2727
N454UA,A320-232,"AIRBUS INDUSTRIE",1517.6667
N406UA,A320-232,"AIRBUS INDUSTRIE",1517.7500
N521UW,A321-231,AIRBUS,1517.8889
N203FR,A320-214,"AIRBUS INDUSTRIE",1518.0000
N503UA,757-222,BOEING,1518.1667
N581AA,DC-9-82(MD-82),"MCDONNELL DOUGLAS",1518.2500
N803UA,A319-131,"AIRBUS INDUSTRIE",1518.3571
N916FJ,CL-600-2D24,"BOMBARDIER INC",1519.0000
N317JB,"ERJ 190-100 IGW",EMBRAER,1519.0625
N12166,EMB-145XR,EMBRAER,1519.0769
N520AA,FALCON-XP,"KILDALL GARY",1519.5000
N410UA,A320-232,"AIRBUS INDUSTRIE",1519.7143
N12957,EMB-145LR,EMBRAER,1476.3714
N202WN,737-7H4,BOEING,1519.8000
N24202,737-824,BOEING,1519.8000
N87531,737-824,BOEING,1520.0000
N834JB,A320-232,AIRBUS,1520.0000
N959UW,"ERJ 190-100 IGW",EMBRAER,1520.2353
N453WN,737-7H4,BOEING,1520.4000
N346NB,A319-114,AIRBUS,1520.5833
N314NB,A319-114,"AIRBUS INDUSTRIE",1520.8205
N12900,EMB-145LR,EMBRAER,1403.9231
N993AT,717-200,BOEING,1521.0000
N440LV,737-7H4,BOEING,1521.0000
N465UA,A320-232,"AIRBUS INDUSTRIE",1521.1250
N328JB,"ERJ 190-100 IGW",EMBRAER,1521.1818
N461UA,A320-232,"AIRBUS INDUSTRIE",1521.4375
N447UA,A320-232,"AIRBUS INDUSTRIE",1521.7500
N12564,EMB-145LR,EMBRAER,1521.7778
N725UW,A319-112,"AIRBUS INDUSTRIE",1522.0000
N14158,EMB-145XR,EMBRAER,1522.2500
N364NB,A319-114,AIRBUS,1522.2667
N536UW,A321-231,AIRBUS,1522.3750
N16954,EMB-145LR,EMBRAER,1522.3913
N38446,737-924ER,BOEING,1522.4615
N211FR,A320-214,AIRBUS,1522.7500
N963UW,"ERJ 190-100 IGW",EMBRAER,1522.8438
N409UA,A320-232,"AIRBUS INDUSTRIE",1523.0000
N10156,EMB-145XR,EMBRAER,1523.0000
N449UA,A320-232,"AIRBUS INDUSTRIE",1523.2000
N913WN,737-7H4,BOEING,1523.3333
N7741C,737-7BD,BOEING,1523.8571
N597JB,A320-232,AIRBUS,1523.8929
N603SW,737-3H4,BOEING,1524.0000
N386DA,737-832,BOEING,1524.0000
N14153,EMB-145XR,EMBRAER,1524.0000
N969DL,MD-88,"MCDONNELL DOUGLAS AIRCRAFT CO",1524.2500
N905WN,737-7H4,BOEING,1524.5000
N713EV,CL-600-2C10,"BOMBARDIER INC",1524.7895
N76055,767-424ER,BOEING,1525.0000
N324US,A320-211,"AIRBUS INDUSTRIE",1525.1429
N3747D,737-832,BOEING,1525.4737
N12996,EMB-145LR,EMBRAER,1525.7500
N258JB,"ERJ 190-100 IGW",EMBRAER,1525.8936
N206WN,737-7H4,BOEING,1526.0000
N585AA,DC-9-82(MD-82),"MCDONNELL DOUGLAS",1526.0000
N754EV,CL-600-2C10,"BOMBARDIER INC",1486.9744
N502UA,757-222,BOEING,1526.1250
N8577D,CL-600-2B19,"BOMBARDIER INC",1526.2500
N800AY,CL-600-2B19,"BOMBARDIER INC",1526.6000
N14731,737-724,BOEING,1527.1176
N598AA,DC-9-83(MD-83),"MCDONNELL DOUGLAS",1527.6667
N921DL,MD-88,"MCDONNELL DOUGLAS AIRCRAFT CO",1527.7273
N487WN,737-7H4,BOEING,1527.7500
N471UA,A320-232,"AIRBUS INDUSTRIE",1527.7500
N617DL,757-232,BOEING,1528.0000
N47414,737-924ER,BOEING,1528.0909
N903DE,MD-88,"MCDONNELL DOUGLAS CORPORATION",1528.0909
N11547,EMB-145LR,EMBRAER,1528.2381
N754SW,737-7H4,BOEING,1528.3333
N901WN,737-7H4,BOEING,1528.3333
N511UA,757-222,BOEING,1528.3333
N623VA,A320-214,AIRBUS,1528.4375
N908WN,737-7H4,BOEING,1528.6667
N509JB,A320-232,"AIRBUS INDUSTRIE",1528.8214
N326US,A320-211,"AIRBUS INDUSTRIE",1529.5000
N334NB,A319-114,"AIRBUS INDUSTRIE",1529.5758
N13997,EMB-145LR,EMBRAER,1529.6286
N674DL,757-232,BOEING,1530.0000
N14905,EMB-145LR,EMBRAER,1530.7000
N402WN,737-7H4,BOEING,1530.8000
N322US,A320-211,"AIRBUS INDUSTRIE",1530.8571
N653AW,A320-232,"AIRBUS INDUSTRIE",1531.2000
N8611A,CL-600-2B19,"BOMBARDIER INC",1531.2500
N368JB,"ERJ 190-100 IGW",EMBRAER,1531.2800
N204WN,737-7H4,BOEING,1531.3333
N8525B,CL-600-2B19,"BOMBARDIER INC",1531.4000
N853UA,A319-131,AIRBUS,1531.4444
N217JC,737-7H4,BOEING,1532.0000
N12569,EMB-145LR,EMBRAER,1479.2414
N607AT,717-200,BOEING,1532.5000
N13989,EMB-145LR,EMBRAER,1471.2400
N733UW,A319-112,"AIRBUS INDUSTRIE",1533.0000
N263WN,737-7H4,BOEING,1533.3333
N997AT,717-200,BOEING,1533.5000
N323US,A320-211,"AIRBUS INDUSTRIE",1533.5714
N818UA,A319-131,"AIRBUS INDUSTRIE",1533.8000
N741EV,CL-600-2C10,"BOMBARDIER INC",1533.8095
N708EV,CL-600-2C10,"BOMBARDIER INC",1534.0000
N12125,757-224,BOEING,1534.2222
N740UW,A319-112,"AIRBUS INDUSTRIE",1534.5000
N916DL,MD-88,"MCDONNELL DOUGLAS AIRCRAFT CO",1534.5000
N556AA,DC-9-82(MD-82),"MCDONNELL DOUGLAS",1534.7500
N716EV,CL-600-2C10,"BOMBARDIER INC",1534.9032
N318JB,"ERJ 190-100 IGW",EMBRAER,1535.6170
N38443,737-924ER,BOEING,1535.7000
N564UA,757-222,BOEING,1536.0000
N267JB,"ERJ 190-100 IGW",EMBRAER,1536.0000
N75436,737-924ER,BOEING,1536.0714
N720EV,CL-600-2C10,"BOMBARDIER INC",1536.0882
N329NW,A320-211,"AIRBUS INDUSTRIE",1536.4444
N224WN,737-7H4,BOEING,1536.5000
N748EV,CL-600-2C10,"BOMBARDIER INC",1536.5357
N15572,EMB-145LR,EMBRAER,1537.0000
N326NB,A319-114,"AIRBUS INDUSTRIE",1537.3056
N431WN,737-7H4,BOEING,1537.5714
N8560F,CL-600-2B19,"BOMBARDIER INC",1537.6000
N672DL,757-232,BOEING,1537.6667
N907FJ,CL-600-2D24,"BOMBARDIER INC",1537.6667
N750EV,CL-600-2C10,"BOMBARDIER INC",1537.7105
N964AT,717-200,BOEING,1538.0000
N16987,EMB-145LR,EMBRAER,1468.1364
N546UA,757-222,BOEING,1538.3529
N11535,EMB-145LR,EMBRAER,1539.1667
N8847A,CL-600-2B19,"BOMBARDIER INC",1539.3636
N496UA,A320-232,AIRBUS,1539.6667
N821JB,A320-232,AIRBUS,1539.8333
N919AT,717-200,BOEING,1540.0000
N642AA,757-223,BOEING,1540.0000
N191UW,A321-211,"AIRBUS INDUSTRIE",1540.0000
N608JB,A320-232,AIRBUS,1540.2759
N930AT,717-200,BOEING,1540.3333
N755SA,737-7H4,BOEING,1541.0000
N13113,757-224,BOEING,1541.1000
N421UA,A320-232,"AIRBUS INDUSTRIE",1541.1667
N905XJ,CL-600-2D24,"BOMBARDIER INC",1541.7333
N755EV,CL-600-2C10,"BOMBARDIER INC",1542.2632
N914DE,MD-88,"MCDONNELL DOUGLAS AIRCRAFT CO",1542.2727
N974DL,MD-88,"MCDONNELL DOUGLAS AIRCRAFT CO",1542.4000
N633JB,A320-232,AIRBUS,1542.5600
N353NB,A319-114,AIRBUS,1542.5625
N321NB,A319-114,"AIRBUS INDUSTRIE",1542.7188
N570JB,A320-232,AIRBUS,1542.7692
N3732J,737-832,BOEING,1543.0000
N556JB,A320-232,AIRBUS,1543.3333
N825UA,A319-131,"AIRBUS INDUSTRIE",1543.4000
N253WN,737-7H4,BOEING,1543.5000
N952DL,MD-88,"MCDONNELL DOUGLAS AIRCRAFT CO",1543.5000
N296JB,"ERJ 190-100 IGW",EMBRAER,1543.6667
N316JB,"ERJ 190-100 IGW",EMBRAER,1543.8333
N606JB,A320-232,AIRBUS,1544.0435
N359NW,A320-212,"AIRBUS INDUSTRIE",1544.2500
N706TW,757-2Q8,BOEING,1544.3200
N722EV,CL-600-2C10,"BOMBARDIER INC",1544.4773
N909WN,737-7H4,BOEING,1544.8000
N466WN,737-7H4,BOEING,1545.0000
N573UA,757-222,BOEING,1545.0000
N26549,EMB-145LR,EMBRAER,1545.2667
N969WN,737-7H4,BOEING,1545.3333
N587AA,DC-9-82(MD-82),"MCDONNELL DOUGLAS",1545.3333
N335NB,A319-114,"AIRBUS INDUSTRIE",1545.6452
N589AA,DC-9-83(MD-83),"MCDONNELL DOUGLAS",1545.8000
N416WN,737-7H4,BOEING,1236.8000
N8839E,CL-600-2B19,"BOMBARDIER INC",1546.0000
N843VA,A320-214,AIRBUS,1546.1429
N11539,EMB-145LR,EMBRAER,1546.3529
N510UA,757-222,BOEING,1546.4857
N14573,EMB-145LR,EMBRAER,1546.5000
N11189,EMB-145XR,EMBRAER,1546.5000
N76503,737-824,BOEING,1546.7778
N717EV,CL-600-2C10,"BOMBARDIER INC",1547.2727
N14570,EMB-145LR,EMBRAER,1447.5161
N784SW,737-7H4,BOEING,1548.0000
N304JB,"ERJ 190-100 IGW",EMBRAER,1548.0000
N529JB,A320-232,"AIRBUS INDUSTRIE",1548.0714
N561AA,DC-9-82(MD-82),"MCDONNELL DOUGLAS",1548.5000
N321US,A320-211,"AIRBUS INDUSTRIE",1548.6250
N8541D,CL-600-2B19,"BOMBARDIER INC",1549.0000
N444WN,737-7H4,BOEING,1550.0000
N21144,EMB-145XR,EMBRAER,1550.4000
N13913,EMB-145LR,EMBRAER,1550.5926
N27200,EMB-145XR,EMBRAER,1550.8571
N641JB,A320-232,AIRBUS,1550.9500
N526AS,737-890,BOEING,1551.0000
N336NW,A320-212,"AIRBUS INDUSTRIE",1551.0769
N16147,EMB-145XR,EMBRAER,1551.1000
N918DL,MD-88,"MCDONNELL DOUGLAS AIRCRAFT CO",1551.6000
N442UA,A320-232,"AIRBUS INDUSTRIE",1551.6250
N337NB,A319-114,"AIRBUS INDUSTRIE",1551.6452
N194UW,A321-211,AIRBUS,1551.7143
N563JB,A320-232,AIRBUS,1551.9444
N480UA,A320-232,"AIRBUS INDUSTRIE",1552.6250
N342NB,A319-114,AIRBUS,1552.6667
N409AS,737-990ER,BOEING,1553.0000
N11551,EMB-145LR,EMBRAER,1553.0000
N14148,EMB-145XR,EMBRAER,1553.0000
N621AA,172M,CESSNA,1553.5000
N11113,EMB-145XR,EMBRAER,1553.5714
N207FR,A320-214,AIRBUS,1554.0000
N105UW,A320-214,"AIRBUS INDUSTRIE",1554.6667
N18119,757-224,BOEING,1554.7778
N18114,EMB-145XR,EMBRAER,1555.1053
N690DL,757-232,BOEING,1555.6667
N8698A,CL-600-2B19,"BOMBARDIER INC",1555.6667
N746JB,A320-232,AIRBUS,1555.8333
N339JB,"ERJ 190-100 IGW",EMBRAER,1555.8788
N838UA,A319-131,"AIRBUS INDUSTRIE",1556.0000
N837UA,A319-131,"AIRBUS INDUSTRIE",1556.1176
N37409,737-924,BOEING,1556.8889
N14568,EMB-145LR,EMBRAER,1470.4444
N248WN,737-7H4,BOEING,1557.0000
N361NW,A320-212,"AIRBUS INDUSTRIE",1557.1667
N192JB,"ERJ 190-100 IGW",EMBRAER,1557.2195
N591JB,A320-232,AIRBUS,1557.2273
N711HK,737-7H4,BOEING,1557.7500
N678AW,A320-232,AIRBUS,1557.8000
N14120,757-224,BOEING,1558.0000
N8505Q,CL-600-2B19,"BOMBARDIER INC",1558.0000
N423UA,A320-232,"AIRBUS INDUSTRIE",1558.1111
N986DL,MD-88,"MCDONNELL DOUGLAS AIRCRAFT CO",1558.1818
N709EV,CL-600-2C10,"BOMBARDIER INC",1513.8286
N15973,EMB-145LR,EMBRAER,1558.4706
N917XJ,CL-600-2D24,"BOMBARDIER INC",1558.9643
N332NW,A320-211,"AIRBUS INDUSTRIE",1559.6000
N456UA,A320-232,"AIRBUS INDUSTRIE",1559.7778
N931DL,MD-88,"MCDONNELL DOUGLAS AIRCRAFT CO",1560.1429
N657AW,A320-232,"AIRBUS INDUSTRIE",1560.5000
N78448,737-924ER,BOEING,1560.6000
N958DL,MD-88,"MCDONNELL DOUGLAS AIRCRAFT CO",1561.2222
N27722,737-724,BOEING,1561.2381
N3730B,737-832,BOEING,1562.3750
N7704B,737-7BD,BOEING,1562.5000
N929DL,MD-88,"MCDONNELL DOUGLAS AIRCRAFT CO",1562.5000
N169UW,A321-211,"AIRBUS INDUSTRIE",1562.5714
N481UA,A320-232,"AIRBUS INDUSTRIE",1562.6364
N424UA,A320-232,"AIRBUS INDUSTRIE",1562.7500
N578UA,757-222,BOEING,1562.8182
N833AY,CL-600-2B19,"BOMBARDIER INC",1563.0000
N39415,737-924ER,BOEING,1563.1429
N3749D,737-832,BOEING,1563.3333
N338NB,A319-114,AIRBUS,1563.5185
N7735A,737-7BD,BOEING,1564.0000
N87512,737-824,BOEING,1564.2000
N37252,737-824,BOEING,1564.2000
N930DL,MD-88,"MCDONNELL DOUGLAS AIRCRAFT CO",1564.3750
N983AT,717-200,BOEING,1564.5000
N14168,EMB-145XR,EMBRAER,1564.5714
N15912,EMB-145LR,EMBRAER,1564.6667
N332NB,A319-114,"AIRBUS INDUSTRIE",1565.0625
N16981,EMB-145LR,EMBRAER,1565.1765
N17196,EMB-145XR,EMBRAER,1565.2632
N452UA,A320-232,"AIRBUS INDUSTRIE",1565.4615
N338NW,A320-212,"AIRBUS INDUSTRIE",1565.6667
N481WN,737-7H4,BOEING,1565.7500
N536JB,A320-232,AIRBUS,1565.7778
N429WN,737-7H4,BOEING,1566.0000
N19966,EMB-145LR,EMBRAER,1566.0000
N382DA,737-832,BOEING,1566.1176
N621VA,A320-214,AIRBUS,1566.2143
N624AA,757-223,BOEING,1566.3333
N954DL,MD-88,"MCDONNELL DOUGLAS AIRCRAFT CO",1566.3333
N482UA,A320-232,"AIRBUS INDUSTRIE",1566.7059
N8905F,CL-600-2B19,"BOMBARDIER INC",1567.2000
N854UA,A319-131,AIRBUS,1567.4500
N712EV,CL-600-2C10,"BOMBARDIER INC",1567.4783
N648AW,A320-232,"AIRBUS INDUSTRIE",1567.5714
N719EV,CL-600-2C10,"BOMBARDIER INC",1517.0645
N37456,737-924ER,BOEING,1567.6667
N687DL,757-232,BOEING,1567.8000
N730EV,CL-600-2C10,"BOMBARDIER INC",1485.7895
N422WN,737-7H4,BOEING,1568.4286
N242WN,737-7H4,BOEING,1568.5000
N13138,757-224,BOEING,1568.5833
N479UA,A320-232,"AIRBUS INDUSTRIE",1568.6429
N795SW,737-7H4,BOEING,1568.6667
N715SW,737-7H4,BOEING,1569.0000
N669DN,757-232,BOEING,1569.0000
N171DN,767-332,BOEING,1569.0000
N206FR,A320-214,AIRBUS,1569.0000
N840AY,CL-600-2B19,"BOMBARDIER INC",1569.0000
N980DL,MD-88,"MCDONNELL DOUGLAS AIRCRAFT CO",1569.3333
N37427,737-924ER,BOEING,1569.3750
N563UA,757-222,BOEING,1569.4286
N336NB,A319-114,"AIRBUS INDUSTRIE",1533.7955
N11121,EMB-145XR,EMBRAER,1569.6250
N748UW,A319-112,"AIRBUS INDUSTRIE",1569.6500
N458UA,A320-232,"AIRBUS INDUSTRIE",1569.7500
N922DL,MD-88,"MCDONNELL DOUGLAS AIRCRAFT CO",1569.8333
N654AW,A320-232,"AIRBUS INDUSTRIE",1570.0000
N766JB,A320-232,AIRBUS,1570.5294
N408UA,A320-232,"AIRBUS INDUSTRIE",1571.0000
N17108,EMB-145XR,EMBRAER,1571.0000
N758EV,CL-600-2C10,"BOMBARDIER INC",1571.5000
N368NB,A319-114,AIRBUS,1571.7143
N348NB,A319-114,AIRBUS,1571.8500
N249JB,"ERJ 190-100 IGW",EMBRAER,1571.8500
N751EV,CL-600-2C10,"BOMBARDIER INC",1572.1667
N354AA,767-323,BOEING,1572.6667
N36207,737-824,BOEING,1572.7500
N759GS,737-7H4,BOEING,1572.8571
N472WN,737-7H4,BOEING,1573.0000
N908XJ,CL-600-2D24,"BOMBARDIER INC",1573.3333
N504UA,757-222,BOEING,1573.4375
N324NB,A319-114,"AIRBUS INDUSTRIE",1573.5098
N21197,EMB-145XR,EMBRAER,1573.5217
N605LR,CL-600-2D24,"BOMBARDIER INC",1573.7500
N515UA,757-222,BOEING,1573.8750
N590UA,757-222,BOEING,1574.3333
N946WN,737-7H4,BOEING,1574.5000
N601LR,CL-600-2D24,"BOMBARDIER INC",1574.6667
N949AT,717-200,BOEING,1575.0000
N751SW,737-7H4,BOEING,1575.0000
N286WN,737-7H4,BOEING,1575.0000
N318NB,A319-114,"AIRBUS INDUSTRIE",1575.1471
N476UA,A320-232,"AIRBUS INDUSTRIE",1575.8571
N484UA,A320-232,"AIRBUS INDUSTRIE",1576.0000
N944WN,737-7H4,BOEING,1576.2000
N337JB,"ERJ 190-100 IGW",EMBRAER,1576.6500
N846VA,A320-214,AIRBUS,1379.6250
N6715C,757-232,BOEING,1577.0000
N925XJ,CL-600-2D24,"BOMBARDIER INC",1577.6667
N413AS,737-990ER,BOEING,1578.0000
N8907A,CL-600-2B19,"BOMBARDIER INC",1578.1429
N904DE,MD-88,"MCDONNELL DOUGLAS CORPORATION",1578.2000
N260WN,737-7H4,BOEING,1578.5000
N553AS,737-890,BOEING,1578.5000
N971AT,717-200,BOEING,1579.0000
N231JB,"ERJ 190-100 IGW",EMBRAER,1579.1000
N13992,EMB-145LR,EMBRAER,1579.3000
N12967,EMB-145LR,EMBRAER,1579.4545
N377NW,A320-211,AIRBUS,1579.5000
N703SW,737-7H4,BOEING,1579.5714
N78501,737-824,BOEING,1579.6667
N11194,EMB-145XR,EMBRAER,1579.9231
N646JB,A320-232,AIRBUS,1580.3684
N469AA,DC-9-82(MD-82),"MCDONNELL DOUGLAS",1580.7500
N752SW,737-7H4,BOEING,1580.8000
N993DL,MD-88,"MCDONNELL DOUGLAS AIRCRAFT CO",1580.8000
N706SW,737-7H4,BOEING,1581.3333
N289CT,737-7H4,BOEING,1581.5000
N489UA,A320-232,AIRBUS,1581.9286
N353NW,A320-212,"AIRBUS INDUSTRIE",1582.0000
N193JB,"ERJ 190-100 IGW",EMBRAER,1582.1176
N478UA,A320-232,"AIRBUS INDUSTRIE",1582.1667
N323NB,A319-114,"AIRBUS INDUSTRIE",1582.2647
N490UA,A320-232,AIRBUS,1582.4286
N483WN,737-7H4,BOEING,1582.5000
N73256,737-824,BOEING,1582.5556
N39423,737-924ER,BOEING,1583.4000
N482WN,737-7H4,BOEING,1583.5000
N663AW,A320-232,"AIRBUS INDUSTRIE",1583.6667
N8976E,CL-600-2B19,"BOMBARDIER INC",1583.7500
N13908,EMB-145LR,EMBRAER,1583.9333
N758SW,737-7H4,BOEING,1584.0000
N633AA,757-223,BOEING,1584.5000
N126UW,A320-214,AIRBUS,1584.8333
N22909,EMB-145LR,EMBRAER,1585.1250
N759EV,CL-600-2C10,"BOMBARDIER INC",1585.2000
N8554A,CL-600-2B19,"BOMBARDIER INC",1585.3333
N27213,737-824,BOEING,1585.6667
N301NB,A319-114,"AIRBUS INDUSTRIE",1586.0800
N16709,737-724,BOEING,1586.3571
N426UA,A320-232,"AIRBUS INDUSTRIE",1586.6667
N8771A,CL-600-2B19,"BOMBARDIER INC",1586.7500
N121UW,A320-214,"AIRBUS INDUSTRIE",1587.0000
N16961,EMB-145LR,EMBRAER,1587.0000
N710EV,CL-600-2C10,"BOMBARDIER INC",1587.2286
N794JB,A320-232,AIRBUS,1587.4545
N393DA,737-832,BOEING,1587.5714
N17128,757-224,BOEING,1587.6000
N446UA,A320-232,"AIRBUS INDUSTRIE",1587.6923
N539UA,757-222,BOEING,1587.7273
N665AW,A320-232,"AIRBUS INDUSTRIE",1588.1250
N701GS,737-7H4,BOEING,1588.2500
N73445,737-924ER,BOEING,1588.6154
N955WN,737-7H4,BOEING,1588.6667
N13110,757-224,BOEING,1588.6667
N12145,EMB-145XR,EMBRAER,1588.7500
N710SW,737-7H4,BOEING,1589.4000
N663DN,757-232,BOEING,1589.6667
N77430,737-924ER,BOEING,1589.7500
N434WN,737-7H4,BOEING,1590.5000
N361AA,767-323,BOEING,1590.5000
N11140,EMB-145XR,EMBRAER,1446.0909
N21108,757-224,BOEING,1590.7778
N3769L,737-832,BOEING,1591.8571
N381DN,737-832,BOEING,1592.1111
N712SW,737-7H4,BOEING,1592.3333
N209FR,A320-214,AIRBUS,1592.3333
N757UW,A319-112,"AIRBUS INDUSTRIE",1592.5714
N835AY,CL-600-2B19,"BOMBARDIER INC",1592.6000
N16178,EMB-145XR,EMBRAER,1593.2222
N8944B,CL-600-2B19,"BOMBARDIER INC",1593.5000
N661AW,A320-232,"AIRBUS INDUSTRIE",1593.7143
N206JB,"ERJ 190-100 IGW",EMBRAER,1594.2258
N485UA,A320-232,"AIRBUS INDUSTRIE",1594.3333
N14250,737-824,BOEING,1594.5714
N740EV,CL-600-2C10,"BOMBARDIER INC",1594.6154
N154DL,767-3P6,BOEING,1595.1667
N952AT,717-200,BOEING,1595.6667
N37281,737-824,BOEING,1595.6667
N513UA,757-222,BOEING,1595.7500
N823AY,CL-600-2B19,"BOMBARDIER INC",1595.8333
N962DL,MD-88,"MCDONNELL DOUGLAS AIRCRAFT CO",1596.0000
N602XJ,CL-600-2B19,"BOMBARDIER INC",1596.1667
N723EV,CL-600-2C10,"BOMBARDIER INC",1596.2381
N603AT,717-200,BOEING,1596.2500
N932XJ,CL-600-2D24,"BOMBARDIER INC",1596.4167
N26215,737-824,BOEING,1596.5714
N634VA,A320-214,AIRBUS,1596.6000
N473UA,A320-232,"AIRBUS INDUSTRIE",1597.3333
N957DL,MD-88,"MCDONNELL DOUGLAS AIRCRAFT CO",1597.4286
N73276,737-824,BOEING,1597.7778
N7730A,737-7BD,BOEING,1598.0000
N29917,EMB-145LR,EMBRAER,1598.3125
N472UA,A320-232,"AIRBUS INDUSTRIE",1598.4286
N16999,EMB-145LR,EMBRAER,1598.5000
N17244,737-824,BOEING,1598.7143
N21129,EMB-145XR,EMBRAER,1598.8000
N598UA,757-222,BOEING,1599.1613
N365NW,A320-212,"AIRBUS INDUSTRIE",1599.5000
N846UA,A319-131,"AIRBUS INDUSTRIE",1599.8889
N915WN,737-7H4,BOEING,1600.0000
N536UA,757-222,BOEING,1600.0000
N110UW,A320-214,"AIRBUS INDUSTRIE",1600.0000
N940DL,MD-88,"MCDONNELL DOUGLAS AIRCRAFT CO",1600.0000
N186US,A321-211,AIRBUS,1600.5000
N601XJ,CL-600-2B19,"BOMBARDIER INC",1601.2500
N26545,EMB-145LR,EMBRAER,1601.3438
N76502,737-824,BOEING,1601.7143
N894AT,717-200,BOEING,1601.8000
N8432A,CL-600-2B19,"BOMBARDIER INC",1601.8000
N28457,737-924ER,BOEING,1601.9000
N315US,A320-211,"AIRBUS INDUSTRIE",1601.9167
N425LV,737-7H4,BOEING,1602.0000
N673AW,A320-232,AIRBUS,1602.0000
N625VA,A320-214,AIRBUS,1602.3333
N183JB,"ERJ 190-100 IGW",EMBRAER,1602.8235
N519MQ,A185F,CESSNA,1551.2581
N26208,737-824,BOEING,1603.0000
N564AA,DC-9-83(MD-83),"MCDONNELL DOUGLAS",1603.2500
N961AT,717-200,BOEING,1603.6667
N987AT,717-200,BOEING,1603.6667
N924WN,737-7H4,BOEING,1603.6667
N255WN,737-7H4,BOEING,1604.0000
N723TW,757-231,BOEING,1604.0370
N34455,737-924ER,BOEING,1604.1250
N16713,737-724,BOEING,1604.7222
N359NB,A319-114,AIRBUS,1605.1333
N928DL,MD-88,"MCDONNELL DOUGLAS AIRCRAFT CO",1605.3333
N738EV,CL-600-2C10,"BOMBARDIER INC",1605.5000
N491AA,DC-9-82(MD-82),"MCDONNELL DOUGLAS",1605.8750
N409WN,737-7H4,BOEING,1606.0000
N174DN,767-332,BOEING,1606.0000
N37466,737-924ER,BOEING,1606.2500
N33714,737-724,BOEING,1606.5833
N391CA,CL-600-2C10,"BOMBARDIER INC",1606.7143
N37287,737-824,BOEING,1607.3750
N926DL,MD-88,"MCDONNELL DOUGLAS AIRCRAFT CO",1607.6667
N17560,EMB-145LR,EMBRAER,1607.7273
N588UA,757-222,BOEING,1608.1333
N396DA,737-832,BOEING,1608.3333
N903XJ,CL-600-2D24,"BOMBARDIER INC",1608.4800
N426AA,DC-9-82(MD-82),"MCDONNELL DOUGLAS",1608.6667
N724EV,CL-600-2C10,"BOMBARDIER INC",1609.0000
N54241,737-824,BOEING,1609.2727
N528AA,"FALCON XP","LAMBERT RICHARD",1609.5714
N26226,737-824,BOEING,1609.6667
N354NW,A320-212,"AIRBUS INDUSTRIE",1610.1818
N977DL,MD-88,"MCDONNELL DOUGLAS AIRCRAFT CO",1610.2000
N607JB,A320-232,AIRBUS,1610.4706
N37253,737-824,BOEING,1610.5000
N521JB,A320-232,"AIRBUS INDUSTRIE",1610.5789
N937XJ,CL-600-2D24,"BOMBARDIER INC",1610.6875
N549UW,A321-231,AIRBUS,1611.8000
N12221,737-824,BOEING,1612.0000
N672AW,A320-232,AIRBUS,1612.0000
N38727,737-724,BOEING,1612.3333
N38424,737-924ER,BOEING,1612.4000
N920AT,717-200,BOEING,1612.5000
N575UA,757-222,BOEING,1612.6667
N3755D,737-832,BOEING,1613.1818
N14998,EMB-145LR,EMBRAER,1613.1875
N632JB,A320-232,AIRBUS,1613.2105
N463WN,737-7H4,BOEING,1613.3333
N183UW,A321-211,"AIRBUS INDUSTRIE",1613.8333
N212WN,737-7H4,BOEING,1614.0000
N76254,737-824,BOEING,1614.0000
N355NW,A320-212,"AIRBUS INDUSTRIE",1614.0000
N937DL,MD-88,"MCDONNELL DOUGLAS AIRCRAFT CO",1614.0000
N14121,757-224,BOEING,1614.3333
N595UA,757-222,BOEING,1614.6129
N36247,737-824,BOEING,1615.8000
N468UA,A320-232,"AIRBUS INDUSTRIE",1615.8000
N73299,737-824,BOEING,1615.8333
N929WN,737-7H4,BOEING,1616.0000
N935XJ,CL-600-2D24,"BOMBARDIER INC",1560.3793
N508AY,A321-231,AIRBUS,1616.8000
N578AA,DC-9-82(MD-82),"MCDONNELL DOUGLAS",1617.4286
N982DL,MD-88,"MCDONNELL DOUGLAS AIRCRAFT CO",1617.5000
N569AA,DC-9-83(MD-83),"MCDONNELL DOUGLAS",1618.0000
N12122,EMB-145XR,EMBRAER,1541.8571
N844UA,A319-131,"AIRBUS INDUSTRIE",1619.1250
N3752,737-832,BOEING,1619.3333
N916WN,737-7H4,BOEING,1619.5000
N951AT,717-200,BOEING,1619.7500
N58101,757-224,BOEING,1619.8182
N920WN,737-7H4,BOEING,1620.0000
N916XJ,CL-600-2D24,"BOMBARDIER INC",1620.0000
N7734H,737-7BD,BOEING,1620.5000
N959DL,MD-88,"MCDONNELL DOUGLAS AIRCRAFT CO",1620.6000
N499AA,DC-9-82(MD-82),"MCDONNELL DOUGLAS",1621.5000
N76528,737-824,BOEING,1621.7143
N928LR,CL-600-2D24,"BOMBARDIER INC",1622.0000
N705TW,757-231,BOEING,1622.0556
N48127,757-224,BOEING,1622.2500
N564JB,A320-232,AIRBUS,1622.3913
N718EV,CL-600-2C10,"BOMBARDIER INC",1623.0000
N67134,757-224,BOEING,1624.2000
N474UA,A320-232,"AIRBUS INDUSTRIE",1624.2667
N341NB,A319-114,AIRBUS,1624.2857
N241WN,737-7H4,BOEING,1624.5000
N184DN,767-332,BOEING,1624.6667
N16217,737-824,BOEING,1624.8333
N198JB,"ERJ 190-100 IGW",EMBRAER,1625.0000
N8721B,CL-600-2B19,"BOMBARDIER INC",1625.5000
N11536,EMB-145LR,EMBRAER,1625.5294
N933DL,MD-88,"MCDONNELL DOUGLAS AIRCRAFT CO",1625.6250
N769SW,737-7H4,BOEING,1625.6667
N29129,757-224,BOEING,1626.0000
N970AT,717-200,BOEING,1626.3333
N972DL,MD-88,"MCDONNELL DOUGLAS AIRCRAFT CO",1626.4167
N8533D,CL-600-2B19,"BOMBARDIER INC",1626.6667
N910DN,MD-90-30,"MCDONNELL DOUGLAS",1627.0000
N463UA,A320-232,"AIRBUS INDUSTRIE",1627.4286
N649JB,A320-232,AIRBUS,1627.6250
N782SA,737-7H4,BOEING,1628.2000
N760US,A319-112,"AIRBUS INDUSTRIE",1628.3684
N929XJ,CL-600-2D24,"BOMBARDIER INC",1628.6111
N775JB,A320-232,AIRBUS,1628.8000
N662AW,A320-232,"AIRBUS INDUSTRIE",1629.5000
N559AA,DC-9-82(MD-82),"MCDONNELL DOUGLAS",1630.0000
N12921,EMB-145LR,EMBRAER,1630.1429
N25705,737-724,BOEING,1630.1538
N293PQ,CL-600-2D24,"BOMBARDIER INC",1630.4286
N220WN,737-7H4,BOEING,1630.5000
N909DL,MD-88,"MCDONNELL DOUGLAS AIRCRAFT CO",1630.6000
N348NW,A320-212,"AIRBUS INDUSTRIE",1630.7143
N455WN,737-7H4,BOEING,1631.0000
N907DL,MD-88,"MCDONNELL DOUGLAS AIRCRAFT CO",1631.2000
N974AT,717-200,BOEING,1631.3333
N624JB,A320-232,AIRBUS,1632.2500
N657JB,A320-232,AIRBUS,1632.7273
N11544,EMB-145LR,EMBRAER,1572.2593
N772SW,737-7H4,BOEING,1632.8000
N484AA,DC-9-82(MD-82),"MCDONNELL DOUGLAS",1633.0000
N957AT,717-200,BOEING,1633.6667
N907DE,MD-88,"MCDONNELL DOUGLAS CORPORATION",1633.7273
N664AW,A320-232,"AIRBUS INDUSTRIE",1633.8000
N718TW,757-231,BOEING,1633.9655
N353AT,737-7BD,BOEING,1634.0000
N676AW,A320-232,AIRBUS,1634.1250
N8390A,CL-600-2B19,"BOMBARDIER INC",1634.5000
N497UA,A320-232,AIRBUS,1634.6667
N804JB,A320-232,AIRBUS,1634.8611
N17122,757-224,BOEING,1634.8750
N921AT,717-200,BOEING,1635.0000
N830AY,CL-600-2B19,"BOMBARDIER INC",1635.0000
N614QX,CL-600-2C10,"BOMBARDIER INC",1635.0000
N904XJ,CL-600-2D24,"BOMBARDIER INC",1635.1538
N14904,EMB-145LR,EMBRAER,1635.2222
N8884E,CL-600-2B19,"BOMBARDIER INC",1635.5000
N927LR,CL-600-2D24,"BOMBARDIER INC",1635.5000
N926AT,717-200,BOEING,1635.6667
N921XJ,CL-600-2D24,"BOMBARDIER INC",1636.1212
N918XJ,CL-600-2D24,"BOMBARDIER INC",1636.1818
N655JB,A320-232,AIRBUS,1636.3750
N14173,EMB-145XR,EMBRAER,1636.6667
N905DE,MD-88,"MCDONNELL DOUGLAS CORPORATION",1637.0000
N8836A,CL-600-2B19,"BOMBARDIER INC",1637.4286
N932DL,MD-88,"MCDONNELL DOUGLAS AIRCRAFT CO",1637.4545
N573AA,DC-9-82(MD-82),"MCDONNELL DOUGLAS",1637.8000
N37419,737-924ER,BOEING,1637.8571
N12109,757-224,BOEING,1638.6667
N925DL,MD-88,"MCDONNELL DOUGLAS AIRCRAFT CO",1639.0625
N14902,EMB-145LR,EMBRAER,1536.8125
N33103,757-224,BOEING,1639.4286
N608QX,CL-600-2C10,"BOMBARDIER INC",1494.8235
N339NW,A320-212,"AIRBUS INDUSTRIE",1639.5000
N900DE,MD-88,"MCDONNELL DOUGLAS CORPORATION",1639.5000
N435WN,737-7H4,BOEING,1639.7500
N824AY,CL-600-2B19,"BOMBARDIER INC",1640.4444
N584JB,A320-232,AIRBUS,1640.6190
N328NW,A320-211,"AIRBUS INDUSTRIE",1640.6250
N78509,737-824,BOEING,1640.8000
N348JB,"ERJ 190-100 IGW",EMBRAER,1641.4400
N18120,EMB-145XR,EMBRAER,1641.8333
N318US,A320-211,"AIRBUS INDUSTRIE",1642.4286
N590JB,A320-232,AIRBUS,1642.6400
N717TW,757-231,BOEING,1642.6667
N665DN,757-232,BOEING,1643.0000
N901XJ,CL-600-2D24,"BOMBARDIER INC",1643.4167
N17126,757-224,BOEING,1643.8889
N934XJ,CL-600-2D24,"BOMBARDIER INC",1580.7692
N510UW,A321-231,AIRBUS,1644.1429
N335NW,A320-212,"AIRBUS INDUSTRIE",1644.2500
N39726,737-724,BOEING,1644.2727
N13550,EMB-145LR,EMBRAER,1644.5000
N957WN,737-7H4,BOEING,1645.0000
N545UW,A321-231,AIRBUS,1645.0000
N549UA,757-222,BOEING,1646.0000
N66057,767-424ER,BOEING,1646.0000
N660DL,757-232,BOEING,1646.2000
N915XJ,CL-600-2D24,"BOMBARDIER INC",1646.2667
N907XJ,CL-600-2D24,"BOMBARDIER INC",1646.5000
N951DL,MD-88,"MCDONNELL DOUGLAS AIRCRAFT CO",1646.5000
N34460,737-924ER,BOEING,1646.6250
N484WN,737-7H4,BOEING,1647.0000
N333NW,A320-211,"AIRBUS INDUSTRIE",1647.3077
N434UA,A320-232,"AIRBUS INDUSTRIE",1647.8095
N36472,737-924ER,BOEING,1648.0000
N73283,737-824,BOEING,1648.1667
N446WN,737-7H4,BOEING,1649.0000
N589UA,757-222,BOEING,1649.3571
N73278,737-824,BOEING,1649.3750
N26141,EMB-145XR,EMBRAER,1649.5385
N440US,737-4B7,BOEING,1650.0000
N519UA,757-222,BOEING,1650.0000
N941UW,757-2B7,BOEING,1650.0000
N37267,737-824,BOEING,1650.1667
N912XJ,CL-600-2D24,"BOMBARDIER INC",1650.2143
N14102,757-224,BOEING,1650.6000
N201LV,737-7H4,BOEING,1651.0000
N24729,737-724,BOEING,1651.1500
N439UA,A320-232,"AIRBUS INDUSTRIE",1651.2000
N12114,757-224,BOEING,1651.3333
N622VA,A320-214,AIRBUS,1651.4286
N14562,EMB-145LR,EMBRAER,1590.2963
N847VA,A320-214,AIRBUS,1651.7500
N924XJ,CL-600-2D24,"BOMBARDIER INC",1652.4828
N76526,737-824,BOEING,1652.8000
N390DA,737-832,BOEING,1652.8000
N582AA,DC-9-82(MD-82),"MCDONNELL DOUGLAS",1653.0000
N922XJ,CL-600-2D24,"BOMBARDIER INC",1653.1707
N493UA,A320-232,AIRBUS,1653.1818
N334NW,A320-212,"AIRBUS INDUSTRIE",1653.2222
N34282,737-824,BOEING,1653.2500
N604AW,A320-232,"AIRBUS INDUSTRIE",1653.2500
N39416,737-924ER,BOEING,1653.7000
N962WN,737-7H4,BOEING,1654.0000
N424WN,737-7H4,BOEING,1654.6667
N12225,737-824,BOEING,1655.0000
N13964,EMB-145LR,EMBRAER,1655.0909
N926XJ,CL-600-2D24,"BOMBARDIER INC",1655.2000
N425AA,PA-28-180,PIPER,1656.0000
N14977,EMB-145LR,EMBRAER,1599.2069
N985DL,MD-88,"MCDONNELL DOUGLAS AIRCRAFT CO",1656.4286
N3773D,737-832,BOEING,1656.5556
N642VA,A320-214,AIRBUS,1656.8125
N12216,737-824,BOEING,1657.1667
N661DN,757-232,BOEING,1657.5000
N48901,EMB-145LR,EMBRAER,1657.7500
N658JB,A320-232,AIRBUS,1658.1111
N629VA,A320-214,AIRBUS,1658.7500
N77525,737-824,BOEING,1658.8000
N916DE,MD-88,"MCDONNELL DOUGLAS AIRCRAFT CO",1660.3571
N930XJ,CL-600-2D24,"BOMBARDIER INC",1660.6757
N667DN,757-232,BOEING,1661.0000
N910DL,MD-88,"MCDONNELL DOUGLAS AIRCRAFT CO",1661.3333
N665JB,A320-232,AIRBUS,1661.4286
N8808H,CL-600-2B19,"BOMBARDIER INC",1662.2000
N24212,737-824,BOEING,1662.5714
N8965E,CL-600-2B19,"BOMBARDIER INC",1662.7500
N651AW,A320-232,"AIRBUS INDUSTRIE",1663.2000
N422UA,A320-232,"AIRBUS INDUSTRIE",1663.6000
N805JB,A320-232,AIRBUS,1663.6111
N77261,737-824,BOEING,1664.0000
N991DL,MD-88,"MCDONNELL DOUGLAS AIRCRAFT CO",1664.0000
N453UA,A320-232,"AIRBUS INDUSTRIE",1664.2000
N11184,EMB-145XR,EMBRAER,1664.4286
N975DL,MD-88,"MCDONNELL DOUGLAS AIRCRAFT CO",1664.4286
N438AA,DC-9-83(MD-83),"MCDONNELL DOUGLAS",1664.4444
N427UA,A320-232,"AIRBUS INDUSTRIE",1664.8333
N972AT,717-200,BOEING,1665.0000
N744SW,737-7H4,BOEING,1665.0000
N368NW,A320-212,"AIRBUS INDUSTRIE",1665.0000
N640JB,A320-232,AIRBUS,1554.8667
N8688C,CL-600-2B19,"BOMBARDIER INC",1666.0000
N37437,737-924ER,BOEING,1666.2500
N76505,737-824,BOEING,1666.8333
N292PQ,CL-600-2D24,"BOMBARDIER INC",1667.7333
N592AA,DC-9-83(MD-83),"MCDONNELL DOUGLAS",1668.0000
N16963,EMB-145LR,EMBRAER,1595.5217
N495UA,A320-232,AIRBUS,1668.1538
N243WN,737-7H4,BOEING,1668.3333
N17233,737-824,BOEING,1668.6667
N979DL,MD-88,"MCDONNELL DOUGLAS AIRCRAFT CO",1668.8000
N901DE,MD-88,"MCDONNELL DOUGLAS CORPORATION",1669.0000
N566JB,A320-232,AIRBUS,1669.2000
N3740C,737-832,BOEING,1669.3529
N430UA,A320-232,"AIRBUS INDUSTRIE",1669.7000
N360NB,A319-114,AIRBUS,1669.9091
N777QC,737-7H4,BOEING,1670.0000
N436AA,DC-9-83(MD-83),"MCDONNELL DOUGLAS",1670.0000
N39461,737-924ER,BOEING,1670.1250
N29124,757-224,BOEING,1670.3333
N608AT,717-200,BOEING,1670.4000
N3760C,737-832,BOEING,1670.4706
N967AT,717-200,BOEING,1671.0000
N908DL,MD-88,"MCDONNELL DOUGLAS AIRCRAFT CO",1671.0000
N76516,737-824,BOEING,1671.1250
N75432,737-924ER,BOEING,1671.3333
N36447,737-924ER,BOEING,1671.5000
N964DL,MD-88,"MCDONNELL DOUGLAS AIRCRAFT CO",1671.6000
N763JB,A320-232,AIRBUS,1672.2857
N227WN,737-7H4,BOEING,1672.5000
N17104,757-224,BOEING,1673.4286
N805AY,CL-600-2B19,"BOMBARDIER INC",1673.5000
N14118,757-224,BOEING,1673.8571
N944DL,MD-88,"MCDONNELL DOUGLAS AIRCRAFT CO",1673.9167
N77518,737-824,BOEING,1675.1667
N291WN,737-7H4,BOEING,1675.2500
N451UA,A320-232,"AIRBUS INDUSTRIE",1675.3636
N8492C,CL-600-2B19,"BOMBARDIER INC",1675.5000
N471AA,DC-9-82(MD-82),"MCDONNELL DOUGLAS",1675.5000
N76515,737-824,BOEING,1676.7143
N38257,737-824,BOEING,1677.1429
N18223,737-824,BOEING,1677.5714
N920XJ,CL-600-2D24,"BOMBARDIER INC",1677.6471
N914DL,MD-88,"MCDONNELL DOUGLAS AIRCRAFT CO",1677.7500
N425UA,A320-232,"AIRBUS INDUSTRIE",1678.2308
N15574,EMB-145LR,EMBRAER,1305.3333
N945DL,MD-88,"MCDONNELL DOUGLAS AIRCRAFT CO",1678.7500
N970DL,MD-88,"MCDONNELL DOUGLAS AIRCRAFT CO",1678.7692
N807JB,A320-232,AIRBUS,1679.1515
N413UA,A320-232,"AIRBUS INDUSTRIE",1679.5000
N388DA,737-832,BOEING,1679.6000
N8747B,CL-600-2B19,"BOMBARDIER INC",1680.5000
N203WN,737-7H4,BOEING,1680.6667
N834AY,CL-600-2B19,"BOMBARDIER INC",1680.6667
N594AA,DC-9-83(MD-83),"MCDONNELL DOUGLAS",1681.1667
N817UA,A319-131,"AIRBUS INDUSTRIE",1681.3846
N14107,757-224,BOEING,1681.5714
N418WN,737-7H4,BOEING,1682.5000
N14188,EMB-145XR,EMBRAER,1683.0000
N261WN,737-7H4,BOEING,1683.2857
N931WN,737-7H4,BOEING,1683.3333
N39450,737-924ER,BOEING,1683.6250
N210FR,A320-214,AIRBUS,1683.6667
N812AY,CL-600-2B19,"BOMBARDIER INC",1684.0000
N557NW,757-251,BOEING,1684.6000
N826UA,A319-131,"AIRBUS INDUSTRIE",1685.1429
N604LR,CL-600-2D24,"BOMBARDIER INC",1685.4167
N33132,757-224,BOEING,1685.5556
N401WN,737-7H4,BOEING,1685.7500
N369NW,A320-212,"AIRBUS INDUSTRIE",1686.1429
N37408,737-924,BOEING,1686.1667
N398DA,737-832,BOEING,1686.2500
N37471,737-924ER,BOEING,1686.3077
N36469,737-924ER,BOEING,1686.7000
N213WN,737-7H4,BOEING,1687.5000
N796SW,737-7H4,BOEING,1687.6667
N930WN,737-7H4,BOEING,1688.0000
N57111,757-224,BOEING,1688.1250
N8894A,CL-600-2B19,"BOMBARDIER INC",1688.1667
N12563,EMB-145LR,EMBRAER,1688.4118
N117UW,A320-214,"AIRBUS INDUSTRIE",1688.5000
N580JB,A320-232,AIRBUS,1689.0455
N722TW,757-231,BOEING,1639.4118
N997DL,MD-88,"MCDONNELL DOUGLAS AIRCRAFT CO",1691.0000
N176PQ,CL-600-2D24,"BOMBARDIER INC",1692.3333
N935AT,717-200,BOEING,1692.3571
N13969,EMB-145LR,EMBRAER,1692.4444
N79279,737-824,BOEING,1692.6667
N316US,A320-211,"AIRBUS INDUSTRIE",1692.6818
N11191,EMB-145XR,EMBRAER,1692.7857
N68453,737-924ER,BOEING,1692.8333
N38268,737-824,BOEING,1693.0000
N727TW,757-231,BOEING,1693.1429
N17133,757-224,BOEING,1693.2500
N504JB,A320-232,"AIRBUS INDUSTRIE",1694.0556
N922AT,717-200,BOEING,1694.2500
N391DA,737-832,BOEING,1694.6000
N37422,737-924ER,BOEING,1694.6154
N372DA,737-832,BOEING,1694.7333
N540AA,"FALCON XP","AMERICAN AIRCRAFT INC",1694.7500
N927XJ,CL-600-2D24,"BOMBARDIER INC",1695.7241
N202FR,A320-214,AIRBUS,1696.0000
N615QX,CL-600-2C10,"BOMBARDIER INC",1696.1600
N711ZX,757-231,BOEING,1696.5714
N835VA,A320-214,AIRBUS,1696.7500
N179JB,"ERJ 190-100 IGW",EMBRAER,1696.8571
N727SW,737-7H4,BOEING,1697.0000
N423AS,737-990ER,BOEING,1697.3636
N319NB,A319-114,"AIRBUS INDUSTRIE",1697.3714
N75425,737-924ER,BOEING,1698.0000
N198DN,767-332,BOEING,1698.0000
N8718E,CL-600-2B19,"BOMBARDIER INC",1698.2000
N635JB,A320-232,AIRBUS,1698.3333
N79402,737-924,BOEING,1698.7143
N15910,EMB-145LR,EMBRAER,1629.1250
N299WN,737-7H4,BOEING,1700.0000
N594UA,757-222,BOEING,1700.3333
N375DA,737-832,BOEING,1700.7000
N17105,757-224,BOEING,1701.0000
N801AY,CL-600-2B19,"BOMBARDIER INC",1701.0000
N825AY,CL-600-2B19,"BOMBARDIER INC",1701.2500
N36280,737-824,BOEING,1701.4444
N990DL,MD-88,"MCDONNELL DOUGLAS AIRCRAFT CO",1701.8333
N3739P,737-832,BOEING,1701.9000
N717JL,717-200,BOEING,1702.2000
N11165,EMB-145XR,EMBRAER,1571.6154
N403UA,A320-232,"AIRBUS INDUSTRIE",1702.6471
N741UW,A319-112,"AIRBUS INDUSTRIE",1703.0000
N11119,EMB-145XR,EMBRAER,1613.3684
N902XJ,CL-600-2D24,"BOMBARDIER INC",1703.4545
N14952,EMB-145LR,EMBRAER,1703.7000
N8948B,CL-600-2B19,"BOMBARDIER INC",1703.7143
N66056,767-424ER,BOEING,1704.0000
N566AA,DC-9-83(MD-83),"MCDONNELL DOUGLAS",1704.0000
N12135,EMB-145XR,EMBRAER,1704.0000
N467UA,A320-232,"AIRBUS INDUSTRIE",1704.1000
N612QX,CL-600-2C10,"BOMBARDIER INC",1533.7667
N8604C,CL-600-2B19,"BOMBARDIER INC",1704.2000
N16151,EMB-145XR,EMBRAER,1705.0000
N966DL,MD-88,"MCDONNELL DOUGLAS AIRCRAFT CO",1705.0000
N788SA,737-7H4,BOEING,1705.2500
N709JB,A320-232,AIRBUS,1705.6000
N11193,EMB-145XR,EMBRAER,1705.7000
N12142,EMB-145XR,EMBRAER,1705.7500
N912DE,MD-88,"MCDONNELL DOUGLAS AIRCRAFT CO",1705.8000
N19136,757-224,BOEING,1706.0000
N19141,757-224,BOEING,1706.8333
N76514,737-824,BOEING,1708.2500
N17719,737-724,BOEING,1708.3333
N30401,737-924,BOEING,1708.6000
N76508,737-824,BOEING,1708.7500
N668DN,757-232,BOEING,1708.7500
N369NB,A319-114,AIRBUS,1708.7857
N491WN,737-7H4,BOEING,1709.0000
N14950,EMB-145LR,EMBRAER,1624.8500
N931XJ,CL-600-2D24,"BOMBARDIER INC",1710.3939
N915DL,MD-88,"MCDONNELL DOUGLAS AIRCRAFT CO",1710.5000
N247WN,737-7H4,BOEING,1711.0000
N378NW,A320-211,AIRBUS,1711.4000
N7744A,737-7BD,BOEING,1711.5000
N3767,737-832,BOEING,1711.6000
N18557,EMB-145LR,EMBRAER,1711.9091
N233LV,737-7H4,BOEING,1712.5000
N18112,757-224,BOEING,1712.9091
N600LR,CL-600-2D24,"BOMBARDIER INC",1713.0313
N33203,737-824,BOEING,1713.0909
N38454,737-924ER,BOEING,1713.4444
N837VA,A320-214,AIRBUS,1713.5000
N978DL,MD-88,"MCDONNELL DOUGLAS AIRCRAFT CO",1714.0000
N214WN,737-7H4,BOEING,1714.5000
N77296,737-824,BOEING,1714.7143
N222WN,737-7H4,BOEING,1715.0000
N909XJ,CL-600-2D24,"BOMBARDIER INC",1715.2727
N8928A,CL-600-2B19,"BOMBARDIER INC",1715.3333
N904DL,MD-88,"MCDONNELL DOUGLAS AIRCRAFT CO",1715.4286
N34131,757-224,BOEING,1715.4545
N37465,737-924ER,BOEING,1716.1000
N405UA,A320-232,"AIRBUS INDUSTRIE",1716.7500
N639VA,A320-214,AIRBUS,1716.8000
N923DL,MD-88,"MCDONNELL DOUGLAS AIRCRAFT CO",1717.5833
N628VA,A320-214,AIRBUS,1718.2857
N78511,737-824,BOEING,1719.3333
N399DA,737-832,BOEING,1719.5556
N596UA,757-222,BOEING,1719.9259
N407UA,A320-232,"AIRBUS INDUSTRIE",1720.0000
N3735D,737-832,BOEING,1720.0667
N363NW,A320-212,"AIRBUS INDUSTRIE",1720.0769
N8896A,CL-600-2B19,"BOMBARDIER INC",1720.2857
N435UA,A320-232,"AIRBUS INDUSTRIE",1721.5556
N906AT,717-200,BOEING,1721.6667
N914XJ,CL-600-2D24,"BOMBARDIER INC",1723.2500
N377DA,737-832,BOEING,1723.7500
N948DL,MD-88,"MCDONNELL DOUGLAS AIRCRAFT CO",1723.8000
N969AT,717-200,BOEING,1725.0000
N958WN,737-7H4,BOEING,1725.0000
N436UA,A320-232,"AIRBUS INDUSTRIE",1725.1667
N956AT,717-200,BOEING,1725.7500
N14920,EMB-145LR,EMBRAER,1534.1667
N290WN,737-7H4,BOEING,1727.3333
N77258,737-824,BOEING,1727.3333
N205WN,737-7H4,BOEING,1728.0000
N73259,737-824,BOEING,1728.0000
N538UA,757-222,BOEING,1728.3333
N17185,EMB-145XR,EMBRAER,1728.6875
N26210,737-824,BOEING,1728.7273
N649AW,A320-232,"AIRBUS INDUSTRIE",1731.3333
N668AW,A320-232,AIRBUS,1732.5000
N575AA,210-5(205),CESSNA,1733.5000
N33209,737-824,BOEING,1733.5000
N928XJ,CL-600-2D24,"BOMBARDIER INC",1733.9286
N511MJ,CL-600-2C10,"BOMBARDIER INC",1734.0000
N14242,737-824,BOEING,1734.5000
N283WN,737-7H4,BOEING,1735.0000
N403AS,737-990ER,BOEING,1735.5000
N507AY,A321-231,AIRBUS,1735.6000
N76054,767-424ER,BOEING,1735.6667
N451WN,737-7H4,BOEING,1736.0000
N924DL,MD-88,"MCDONNELL DOUGLAS AIRCRAFT CO",1736.3333
N633VA,A320-214,AIRBUS,1736.7143
N928AT,717-200,BOEING,1737.0000
N953DL,MD-88,"MCDONNELL DOUGLAS AIRCRAFT CO",1738.2222
N67058,767-424ER,BOEING,1738.4000
N7811F,737-76N,BOEING,1739.6667
N933XJ,CL-600-2D24,"BOMBARDIER INC",1740.5000
N337NW,A320-212,"AIRBUS INDUSTRIE",1741.7500
N505MJ,CL-600-2C10,"BOMBARDIER INC",1742.0000
N13994,EMB-145LR,EMBRAER,1742.2222
N3736C,737-832,BOEING,1743.2000
N454WN,737-7H4,BOEING,1743.5000
N8969A,CL-600-2B19,"BOMBARDIER INC",1744.0000
N914DN,MD-90-30,"MCDONNELL DOUGLAS",1744.0000
N53441,737-924ER,BOEING,1744.0909
N906XJ,CL-600-2D24,"BOMBARDIER INC",1744.2667
N33289,737-824,BOEING,1744.5000
N910FJ,CL-600-2D24,"BOMBARDIER INC",1744.5000
N760SW,737-7H4,BOEING,1744.6000
N37290,737-824,BOEING,1744.6154
N37468,737-924ER,BOEING,1744.8750
N112US,A320-214,"AIRBUS INDUSTRIE",1745.0000
N641VA,A320-214,AIRBUS,1745.5385
N395DN,737-832,BOEING,1745.6667
N3738B,737-832,BOEING,1746.0000
N317US,A320-211,"AIRBUS INDUSTRIE",1746.2500
N68061,767-424ER,BOEING,1747.0000
N16234,737-824,BOEING,1747.7500
N512MJ,CL-600-2C10,"BOMBARDIER INC",1748.0000
N384DA,737-832,BOEING,1748.2667
N218FR,A320-214,"AIRBUS INDUSTRIE",1748.5000
N712JB,A320-232,AIRBUS,1748.6316
N597UA,757-222,BOEING,1749.0357
N411UA,A320-232,"AIRBUS INDUSTRIE",1749.2500
N69063,767-424ER,BOEING,1749.6667
N69059,767-424ER,BOEING,1751.5000
N137EV,CL-600-2D24,"BOMBARDIER INC",1751.6000
N417UA,A320-232,"AIRBUS INDUSTRIE",1752.1667
N490AA,DC-9-82(MD-82),"MCDONNELL DOUGLAS",1752.5714
N680AW,A320-232,AIRBUS,1753.0000
N904WN,737-7H4,BOEING,1753.3333
N624AG,757-2Q8,BOEING,1753.6552
N67052,767-424ER,BOEING,1754.0000
N521LR,CL-600-2C10,"BOMBARDIER INC",1754.0000
N76517,737-824,BOEING,1754.3750
N22971,EMB-145LR,EMBRAER,1754.7857
N949DL,MD-88,"MCDONNELL DOUGLAS AIRCRAFT CO",1755.3333
N456AA,DC-9-82(MD-82),"MCDONNELL DOUGLAS",1755.6000
N76065,767-424ER,BOEING,1756.2500
N339NB,A319-114,AIRBUS,1757.3333
N230WN,737-7H4,BOEING,1757.5000
N3754A,737-832,BOEING,1757.5455
N182DN,767-332,BOEING,1758.0000
N37470,737-924ER,BOEING,1758.6000
N14231,737-824,BOEING,1758.7500
N3743H,737-832,BOEING,1758.8462
N3772H,737-832,BOEING,1759.0000
N679AW,A320-232,AIRBUS,1761.0000
N8883E,CL-600-2B19,"BOMBARDIER INC",1761.3333
N383DN,737-832,BOEING,1763.8000
N18243,737-824,BOEING,1765.3750
N919WN,737-7H4,BOEING,1766.5000
N902DE,MD-88,"MCDONNELL DOUGLAS CORPORATION",1766.6667
N781WN,737-7H4,BOEING,1768.0000
N37263,737-824,BOEING,1768.0000
N3763D,737-832,BOEING,1768.3333
N524UA,757-222,BOEING,1768.5556
N638VA,A320-214,AIRBUS,1768.7857
N400WN,737-7H4,BOEING,1770.0000
N77520,737-824,BOEING,1770.2500
N14558,EMB-145LR,EMBRAER,1770.4706
N947AT,717-200,BOEING,1771.5000
N11137,EMB-145XR,EMBRAER,1771.6250
N66051,767-424ER,BOEING,1772.0000
N502MJ,CL-600-2C10,"BOMBARDIER INC",1772.0000
N345NB,A319-114,AIRBUS,1773.0000
N8932C,CL-600-2B19,"BOMBARDIER INC",1774.3333
N37255,737-824,BOEING,1775.7500
N942DL,MD-88,"MCDONNELL DOUGLAS AIRCRAFT CO",1776.0000
N3748Y,737-832,BOEING,1776.3333
N918WN,737-7H4,BOEING,1776.5000
N246LV,737-7H4,BOEING,1777.3333
N785SW,737-7H4,BOEING,1777.5000
N78060,767-424ER,BOEING,1777.5000
N504MJ,CL-600-2C10,"BOMBARDIER INC",1777.6667
N76529,737-824,BOEING,1778.0000
N514MJ,CL-600-2C10,"BOMBARDIER INC",1778.0000
N38459,737-924ER,BOEING,1778.2500
N669AW,A320-232,AIRBUS,1778.2500
N76269,737-824,BOEING,1778.3750
N7812G,737-76N,BOEING,1778.5000
N11206,737-824,BOEING,1778.5000
N78438,737-924ER,BOEING,1779.8571
N8877A,CL-600-2B19,"BOMBARDIER INC",1780.8571
N38473,737-924ER,BOEING,1781.0000
N216FR,A320-214,AIRBUS,1781.0000
N16065,767-332,BOEING,1782.2000
N553WN,737-7BX,BOEING,1782.5000
N123UW,A320-214,"AIRBUS INDUSTRIE",1783.0000
N927WN,737-7H4,BOEING,1785.5000
N494WN,737-7H4,BOEING,1786.0000
N515MJ,CL-600-2C10,"BOMBARDIER INC",1786.0000
N378DA,737-832,BOEING,1786.3000
N912WN,737-7H4,BOEING,1786.4000
N8709A,CL-600-2B19,"BOMBARDIER INC",1788.1250
N327NB,A319-114,"AIRBUS INDUSTRIE",1788.2941
N229WN,737-7H4,BOEING,1788.5000
N14214,737-824,BOEING,1789.0000
N178DZ,767-332,BOEING,1789.0000
N3746H,737-832,BOEING,1790.5000
N12116,757-224,BOEING,1790.8000
N709SW,737-7H4,BOEING,1791.5000
N350NA,A320-212,"AIRBUS INDUSTRIE",1792.8889
N172DZ,767-332,BOEING,1793.5000
N8783E,CL-600-2B19,"BOMBARDIER INC",1793.5000
N941DL,MD-88,"MCDONNELL DOUGLAS AIRCRAFT CO",1793.8333
N643JB,A320-232,AIRBUS,1794.5882
N938AT,717-200,BOEING,1796.3333
N466UA,A320-232,"AIRBUS INDUSTRIE",1796.5556
N936XJ,CL-600-2D24,"BOMBARDIER INC",1797.3684
N27239,737-824,BOEING,1797.6000
N33264,737-824,BOEING,1797.6000
N257WN,737-7H4,BOEING,1798.3333
N76064,767-424ER,BOEING,1798.3333
N16183,EMB-145XR,EMBRAER,1800.1111
N77431,737-924ER,BOEING,1800.5000
N7702A,737-7BD,BOEING,1802.6000
N831AY,CL-600-2B19,"BOMBARDIER INC",1803.2000
N779NC,DC-9-51,"MCDONNELL DOUGLAS",1803.7500
N171DZ,767-332,BOEING,1804.0000
N194DN,767-332,BOEING,1804.2500
N173DZ,767-332,BOEING,1804.5000
N288WN,737-7H4,BOEING,1804.6667
N287WN,737-7H4,BOEING,1805.5000
N87527,737-824,BOEING,1805.7143
N1603,767-332,BOEING,1806.0000
N76288,737-824,BOEING,1809.8000
N992AT,717-200,BOEING,1810.4000
N76519,737-824,BOEING,1810.8000
N519LR,CL-600-2C10,"BOMBARDIER INC",1811.2500
N641UA,767-322,BOEING,1813.0000
N76062,767-424ER,BOEING,1813.0000
N428UA,A320-232,"AIRBUS INDUSTRIE",1813.6000
N68452,737-924ER,BOEING,1813.8333
N644UA,767-322,BOEING,1815.0000
N59053,767-424ER,BOEING,1815.0000
N3742C,737-832,BOEING,1815.5000
N828MH,767-432ER,BOEING,1816.0000
N169DZ,767-332,BOEING,1817.0000
N185DN,767-332,BOEING,1817.0000
N77510,737-824,BOEING,1818.4000
N923FJ,CL-600-2D24,"BOMBARDIER INC",1820.0000
N200PQ,CL-600-2D24,"BOMBARDIER INC",1820.0000
N8506C,CL-600-2B19,"BOMBARDIER INC",1820.3636
N282WN,737-7H4,BOEING,1822.0000
N724SW,737-7H4,BOEING,1822.0000
N971DL,MD-88,"MCDONNELL DOUGLAS AIRCRAFT CO",1822.0000
N760EV,CL-600-2C10,"BOMBARDIER INC",1822.4000
N343NB,A319-114,AIRBUS,1823.1000
N225WN,737-7H4,BOEING,1823.5000
N402AS,737-990ER,BOEING,1825.0000
N201FR,A320-214,AIRBUS,1825.0000
N197DN,767-332,BOEING,1825.2500
N73270,737-824,BOEING,1825.7778
N3737C,737-832,BOEING,1825.8500
N33266,737-824,BOEING,1825.8571
N8940E,CL-600-2B19,"BOMBARDIER INC",1826.5000
N214FR,A320-214,AIRBUS,1826.7500
N998DL,MD-88,"MCDONNELL DOUGLAS CORPORATION",1827.0000
N27205,737-824,BOEING,1827.5000
N995DL,MD-88,"MCDONNELL DOUGLAS AIRCRAFT CO",1827.8750
N551UW,A321-231,AIRBUS,1828.2000
N953AT,717-200,BOEING,1828.5000
N623DL,757-232,BOEING,1828.6667
N8758D,CL-600-2B19,"BOMBARDIER INC",1829.5000
N3731T,737-832,BOEING,1829.6667
N57862,757-33N,BOEING,1830.0000
N397DA,737-832,BOEING,1830.4000
N3745B,737-832,BOEING,1830.7692
N37273,737-824,BOEING,1830.8571
N432UA,A320-232,"AIRBUS INDUSTRIE",1832.0000
N983DL,MD-88,"MCDONNELL DOUGLAS AIRCRAFT CO",1832.2857
N946AT,717-200,BOEING,1832.3333
N41135,757-224,BOEING,1832.3333
N750SA,737-7H4,BOEING,1833.0000
N965AT,717-200,BOEING,1833.3333
N923XJ,CL-600-2D24,"BOMBARDIER INC",1833.5500
N294WN,737-7H4,BOEING,1834.0000
N909DE,MD-88,"MCDONNELL DOUGLAS CORPORATION",1834.2000
N36272,737-824,BOEING,1836.0000
N407AS,737-990ER,BOEING,1836.5000
N75861,757-33N,BOEING,1838.5000
N3765,737-832,BOEING,1838.6364
N676DL,757-232,BOEING,1839.5000
N73275,737-824,BOEING,1839.5714
N8775A,CL-600-2B19,"BOMBARDIER INC",1840.3333
N78285,737-824,BOEING,1840.3750
N8696C,CL-600-2B19,"BOMBARDIER INC",1841.0000
N547UA,757-222,BOEING,1842.3333
N370AA,767-323,BOEING,1843.0000
N552UW,A321-231,AIRBUS,1844.2000
N935DL,MD-88,"MCDONNELL DOUGLAS AIRCRAFT CO",1844.2222
N76523,737-824,BOEING,1844.3333
N982AT,717-200,BOEING,1844.5000
N553UW,A321-231,AIRBUS,1845.8000
N434AA,DC-9-83(MD-83),"MCDONNELL DOUGLAS",1846.0000
N213FR,A320-214,AIRBUS,1846.6667
N373DA,737-832,BOEING,1847.2000
N391AA,767-323,BOEING,1848.0000
N208FR,A320-214,AIRBUS,1848.0000
N700GS,737-7H4,BOEING,1848.3333
N8683B,CL-600-2B19,"BOMBARDIER INC",1848.8333
N122US,A320-214,"AIRBUS INDUSTRIE",1849.0000
N344NB,A319-114,AIRBUS,1849.4444
N910AT,717-200,BOEING,1849.7500
N237WN,737-7H4,BOEING,1852.0000
N3733Z,737-832,BOEING,1852.8333
N8970D,CL-600-2B19,"BOMBARDIER INC",1853.0000
N605JB,A320-232,AIRBUS,1854.1250
N186DN,767-332,BOEING,1854.5000
N555LV,737-7BD,BOEING,1855.3333
N365NB,A319-114,AIRBUS,1856.7500
N204FR,A320-214,AIRBUS,1857.0000
N551UA,757-222,BOEING,1862.7500
N919DE,MD-88,"MCDONNELL DOUGLAS AIRCRAFT CO",1863.0000
N679DA,757-232,BOEING,1866.6667
N994DL,MD-88,"MCDONNELL DOUGLAS CORPORATION",1869.5556
N14116,EMB-145XR,EMBRAER,1871.6250
N522US,757-251,BOEING,1872.0000
N554WN,737-7BX,BOEING,1874.0000
N376NW,A320-212,AIRBUS,1874.5000
N932WN,737-7H4,BOEING,1874.6667
N361NB,A319-114,AIRBUS,1875.0000
N389DA,737-832,BOEING,1875.2500
N14203,EMB-145XR,EMBRAER,1877.0000
N8623A,CL-600-2B19,"BOMBARDIER INC",1877.6667
N8936A,CL-600-2B19,"BOMBARDIER INC",1878.5000
N8923A,CL-600-2B19,"BOMBARDIER INC",1878.6667
N379DA,737-832,BOEING,1880.0833
N939DL,MD-88,"MCDONNELL DOUGLAS AIRCRAFT CO",1880.5000
N440UA,A320-232,"AIRBUS INDUSTRIE",1880.6667
N3762Y,737-832,BOEING,1880.7500
N992DL,MD-88,"MCDONNELL DOUGLAS AIRCRAFT CO",1881.8571
N506MJ,CL-600-2C10,"BOMBARDIER INC",1882.0000
N820AY,CL-600-2B19,"BOMBARDIER INC",1883.0000
N516LR,CL-600-2C10,"BOMBARDIER INC",1883.0000
N199DN,767-332,BOEING,1883.5000
N24211,737-824,BOEING,1884.4000
N558AA,DC-9-82(MD-82),"MCDONNELL DOUGLAS",1884.5000
N713SW,737-7H4,BOEING,1885.0000
N510MJ,CL-600-2C10,"BOMBARDIER INC",1508.6000
N33286,737-824,BOEING,1886.2000
N249WN,737-7H4,BOEING,1887.0000
N87513,737-824,BOEING,1889.6000
N8918B,CL-600-2B19,"BOMBARDIER INC",1895.0000
N950DL,MD-88,"MCDONNELL DOUGLAS AIRCRAFT CO",1895.6000
N523UW,A321-231,AIRBUS,1898.5000
N394DA,737-832,BOEING,1899.8000
N8974C,CL-600-2B19,"BOMBARDIER INC",1901.0000
N331NW,A320-211,"AIRBUS INDUSTRIE",1901.3333
N945DN,MD-90-30,BOEING,1903.0000
N376DA,737-832,BOEING,1903.5000
N35204,737-824,BOEING,1905.1250
N545AA,PA-32R-300,PIPER,1588.0000
N3757D,737-832,BOEING,1907.0000
N176DN,767-332,BOEING,1907.0000
N366AA,767-323,BOEING,1907.7500
N922WN,737-7H4,BOEING,1911.3333
N78866,757-33N,BOEING,1912.0000
N3734B,737-832,BOEING,1912.3333
N352AA,767-323,BOEING,1913.0000
N647AW,A320-232,"AIRBUS INDUSTRIE",1913.0000
N929LR,CL-600-2D24,"BOMBARDIER INC",1913.0000
N360NW,A320-212,"AIRBUS INDUSTRIE",1914.6667
N494UA,A320-232,AIRBUS,1915.7500
N375SW,737-3H4,BOEING,1916.0000
N371NW,A320-212,"AIRBUS INDUSTRIE",1917.0000
N924FJ,CL-600-2D24,"BOMBARDIER INC",1917.0000
N355AA,767-323,BOEING,1918.0000
N77530,737-824,BOEING,1918.5556
N470UA,A320-232,"AIRBUS INDUSTRIE",1918.7500
N509MJ,CL-600-2C10,"BOMBARDIER INC",1919.0000
N906FJ,CL-600-2D24,"BOMBARDIER INC",1920.0000
N138EV,CL-600-2D24,"BOMBARDIER INC",1920.0000
N273WN,737-7H4,BOEING,1923.0000
N371DA,737-832,BOEING,1926.8571
N840UA,A319-131,"AIRBUS INDUSTRIE",1927.0000
N370NW,A320-212,"AIRBUS INDUSTRIE",1927.2000
N76522,737-824,BOEING,1927.3333
N205FR,A320-214,AIRBUS,1928.0000
N931LR,CL-600-2D24,"BOMBARDIER INC",1930.5000
N223WN,737-7H4,BOEING,1931.0000
N740SW,737-7H4,BOEING,1931.0000
N933LR,CL-600-2D24,"BOMBARDIER INC",965.5000
N909FJ,CL-600-2D24,"BOMBARDIER INC",1931.0000
N8946A,CL-600-2B19,"BOMBARDIER INC",1931.6667
N73860,757-33N,BOEING,1932.0000
N3766,737-832,BOEING,1932.6667
N920FJ,CL-600-2D24,"BOMBARDIER INC",1933.0000
N187DN,767-332,BOEING,1933.3333
N380DA,737-832,BOEING,1933.3636
N267WN,737-7H4,BOEING,1934.5000
N397AA,"FALCON XP","STEWART MACO",1935.2500
N13161,EMB-145XR,EMBRAER,1936.0000
N404UA,A320-232,"AIRBUS INDUSTRIE",1937.0000
N362AA,767-323,BOEING,1937.5000
N915AT,717-200,BOEING,1939.6667
N934AT,717-200,BOEING,1940.0000
N388AA,767-323,BOEING,1940.7500
N76504,737-824,BOEING,1945.6000
N412WN,737-7H4,BOEING,1949.0000
N762NC,DC-9-51,"MCDONNELL DOUGLAS",1949.0000
N967DL,MD-88,"MCDONNELL DOUGLAS AIRCRAFT CO",1949.6667
N377AA,"FALCON XP","PAIR MIKE E",1950.2000
N12238,737-824,BOEING,1952.6667
N693DL,757-232,BOEING,1957.2500
N357AA,767-323,BOEING,1960.0000
N917DE,MD-88,"MCDONNELL DOUGLAS AIRCRAFT CO",1962.7500
N462UA,A320-232,"AIRBUS INDUSTRIE",1967.0000
N347AA,S-76A,SIKORSKY,1969.0000
N12172,EMB-145XR,EMBRAER,1969.5000
N922FJ,CL-600-2D24,"BOMBARDIER INC",1970.3333
N384AA,767-323,BOEING,1971.0000
N33292,737-824,BOEING,1971.7500
N445WN,737-7H4,BOEING,1973.0000
N392DA,737-832,BOEING,1973.1250
N746SW,737-7H4,BOEING,1975.0000
N78524,737-824,BOEING,1983.5000
N172DN,767-332,BOEING,1983.5000
N381AA,DC-7BF,DOUGLAS,1983.5000
N190DN,767-332,BOEING,1985.0000
N832AY,CL-600-2B19,"BOMBARDIER INC",1985.6667
N35260,737-824,BOEING,1986.8750
N839AY,CL-600-2B19,"BOMBARDIER INC",1987.0000
N908DE,MD-88,"MCDONNELL DOUGLAS CORPORATION",1988.0000
N1604R,767-332,BOEING,1988.3333
N1602,767-332,BOEING,1988.3333
N312US,A320-211,"AIRBUS INDUSTRIE",1995.3333
N7746C,737-7BD,BOEING,2005.0000
N959WN,737-7H4,BOEING,2010.0000
N639AA,757-223,BOEING,2012.0000
N276AT,737-76N,BOEING,2014.0000
N169AT,737-76N,BOEING,2014.3333
N33262,737-824,BOEING,2015.6250
N519AA,550,CESSNA,2016.0000
N926WN,737-7H4,BOEING,2016.0000
N417WN,737-7H4,BOEING,2017.0000
N571AA,DC-9-83(MD-83),"MCDONNELL DOUGLAS",2017.5000
N336AT,737-7BD,BOEING,2021.0000
N1605,767-332,BOEING,2021.0000
N519UW,A321-231,AIRBUS,2021.0000
N368AA,767-323,BOEING,2026.0000
N174DZ,767-332,BOEING,2026.3333
N767NC,DC-9-51,"MCDONNELL DOUGLAS",2026.5000
N285AT,737-76N,BOEING,2027.0000
N525VA,A319-112,AIRBUS,2028.0000
N3741S,737-832,BOEING,2029.0000
N39297,737-824,BOEING,2030.0000
N8751D,CL-600-2B19,"BOMBARDIER INC",2030.0000
N75429,737-924ER,BOEING,2031.0000
N508MJ,CL-600-2C10,"BOMBARDIER INC",2031.0000
N939LR,CL-600-2D24,"BOMBARDIER INC",2033.0000
N718SW,737-7H4,BOEING,2034.0000
N675DL,757-232,BOEING,2034.0000
N545UA,757-222,BOEING,2034.3333
N950WN,737-7H4,BOEING,2035.0000
N696DL,757-232,BOEING,2035.0000
N684DA,757-232,BOEING,2035.0000
N518LR,CL-600-2C10,"BOMBARDIER INC",2037.0000
N371AA,767-323,BOEING,2040.0000
N386AA,767-323,BOEING,2040.0000
N240AT,737-76N,BOEING,2043.0000
N175AT,737-76N,BOEING,2044.0000
N973DL,MD-88,"MCDONNELL DOUGLAS AIRCRAFT CO",2046.0000
N915FJ,CL-600-2D24,"BOMBARDIER INC",2048.0000
N551NW,757-251,BOEING,2049.0000
N548UA,757-222,BOEING,2050.0000
N952WN,737-7H4,BOEING,2051.5000
N178DN,767-332,BOEING,2051.5000
N910XJ,CL-600-2D24,"BOMBARDIER INC",2052.3000
N3764D,737-832,BOEING,2053.5000
N517AS,737-890,BOEING,2055.0000
N375NC,A320-212,AIRBUS,2055.0000
N376AA,PA-32RT-300,PIPER,2059.0000
N627VA,A320-214,AIRBUS,2063.8462
N521VA,A319-115,AIRBUS,2073.0000
N574AA,DC-9-82(MD-82),"MCDONNELL DOUGLAS",2077.0000
N179DN,767-332,BOEING,2081.5000
N927AT,717-200,BOEING,2089.0000
N984DL,MD-88,"MCDONNELL DOUGLAS AIRCRAFT CO",2101.0000
N615SW,737-3H4,BOEING,2102.0000
N856NW,A330-223,AIRBUS,2103.0000
N181DN,767-332,BOEING,2104.0000
N966WN,737-7H4,BOEING,2105.0000
N8964E,CL-600-2B19,"BOMBARDIER INC",2108.0000
N640VA,A320-214,AIRBUS,2117.0000
N534US,757-251,BOEING,2120.0000
N854NW,A330-223,AIRBUS,2120.0000
N306AS,737-990,BOEING,2123.0000
N583AS,737-890,BOEING,2124.0000
N839MH,767-432ER,BOEING,2125.0000
N956LR,CL-600-2D24,"BOMBARDIER INC",2126.0000
N506AS,737-890,BOEING,2127.0000
N496WN,737-7H4,BOEING,2130.0000
N522VA,A319-115,AIRBUS,2131.0000
N934DL,MD-88,"MCDONNELL DOUGLAS AIRCRAFT CO",2134.0000
N477AA,DC-9-82(MD-82),"MCDONNELL DOUGLAS",2136.0000
N937AT,717-200,BOEING,2143.0000
N420WN,737-7H4,BOEING,2143.0000
N268WN,737-7H4,BOEING,2146.0000
N177DZ,767-332,BOEING,2149.0000
N526VA,A319-112,AIRBUS,2149.0000
N943AT,717-200,BOEING,2154.0000
N906DL,MD-88,"MCDONNELL DOUGLAS AIRCRAFT CO",2154.7500
N944AT,717-200,BOEING,2159.0000
N958AT,717-200,BOEING,2162.6667
N960AT,717-200,BOEING,2163.0000
N177DN,767-332,BOEING,2174.0000
N586AA,DC-9-82(MD-82),"MCDONNELL DOUGLAS",2180.0000
N8477R,CL-600-2B19,"BOMBARDIER INC",2212.0000
N942AT,717-200,BOEING,2213.0000
N932AT,717-200,BOEING,2221.0000
N497WN,737-7H4,BOEING,2221.0000
N8800G,CL-600-2B19,"BOMBARDIER INC",2232.0000
N523VA,A319-112,AIRBUS,2233.0000
N303AS,737-990,BOEING,2234.0000
N841AY,CL-600-2B19,"BOMBARDIER INC",2236.0000
N383AA,E-90,BEECH,2240.0000
N3761R,737-832,BOEING,2250.0000
N27152,EMB-145XR,EMBRAER,2257.0000
N963AT,717-200,BOEING,2258.0000
N584AS,737-890,BOEING,2321.0000
N940AT,717-200,BOEING,2356.0000
